This is pdfTeX, Version 3.141592653-2.6-1.40.29 (TeX Live 2026) (preloaded format=pdflatex 2026.6.19)  7 AUG 2026 13:56
entering extended mode
 restricted \write18 enabled.
 file:line:error style messages enabled.
 %&-line parsing enabled.
**/Users/wangshuhan/Documents/GitHub/HardySpace_formalization/blueprint/src/print
(/Users/wangshuhan/Documents/GitHub/HardySpace_formalization/blueprint/src/print.tex
LaTeX2e <2025-11-01>
L3 programming layer <2026-01-19>
(/usr/local/texlive/2026basic/texmf-dist/tex/latex/base/report.cls
Document Class: report 2025/01/22 v1.4n Standard LaTeX document class
(/usr/local/texlive/2026basic/texmf-dist/tex/latex/base/size10.clo
File: size10.clo 2025/01/22 v1.4n Standard LaTeX file (size option)
)
\c@part=\count275
\c@chapter=\count276
\c@section=\count277
\c@subsection=\count278
\c@subsubsection=\count279
\c@paragraph=\count280
\c@subparagraph=\count281
\c@figure=\count282
\c@table=\count283
\abovecaptionskip=\skip49
\belowcaptionskip=\skip50
\bibindent=\dimen148
) (/usr/local/texlive/2026basic/texmf-dist/tex/latex/geometry/geometry.sty
Package: geometry 2020/01/02 v5.9 Page Geometry
 (/usr/local/texlive/2026basic/texmf-dist/tex/latex/graphics/keyval.sty
Package: keyval 2022/05/29 v1.15 key=value parser (DPC)
\KV@toks@=\toks17
) (/usr/local/texlive/2026basic/texmf-dist/tex/generic/iftex/ifvtex.sty
Package: ifvtex 2019/10/25 v1.7 ifvtex legacy package. Use iftex instead.
 (/usr/local/texlive/2026basic/texmf-dist/tex/generic/iftex/iftex.sty
Package: iftex 2024/12/12 v1.0g TeX engine tests
))
\Gm@cnth=\count284
\Gm@cntv=\count285
\c@Gm@tempcnt=\count286
\Gm@bindingoffset=\dimen149
\Gm@wd@mp=\dimen150
\Gm@odd@mp=\dimen151
\Gm@even@mp=\dimen152
\Gm@layoutwidth=\dimen153
\Gm@layoutheight=\dimen154
\Gm@layouthoffset=\dimen155
\Gm@layoutvoffset=\dimen156
\Gm@dimlist=\toks18
) (/usr/local/texlive/2026basic/texmf-dist/tex/latex/l3kernel/expl3.sty
Package: expl3 2026-01-19 L3 programming layer (loader) 
 (/usr/local/texlive/2026basic/texmf-dist/tex/latex/l3backend/l3backend-pdftex.def
File: l3backend-pdftex.def 2025-10-09 L3 backend support: PDF output (pdfTeX)
\l__color_backend_stack_int=\count287
)) (/usr/local/texlive/2026basic/texmf-dist/tex/latex/amsfonts/amssymb.sty
Package: amssymb 2013/01/14 v3.01 AMS font symbols
 (/usr/local/texlive/2026basic/texmf-dist/tex/latex/amsfonts/amsfonts.sty
Package: amsfonts 2013/01/14 v3.01 Basic AMSFonts support
\@emptytoks=\toks19
\symAMSa=\mathgroup4
\symAMSb=\mathgroup5
LaTeX Font Info:    Redeclaring math symbol \hbar on input line 98.
LaTeX Font Info:    Overwriting math alphabet `\mathfrak' in version `bold'
(Font)                  U/euf/m/n --> U/euf/b/n on input line 106.
)) (/usr/local/texlive/2026basic/texmf-dist/tex/latex/amscls/amsthm.sty
Package: amsthm 2020/05/29 v2.20.6
\thm@style=\toks20
\thm@bodyfont=\toks21
\thm@headfont=\toks22
\thm@notefont=\toks23
\thm@headpunct=\toks24
\thm@preskip=\skip51
\thm@postskip=\skip52
\thm@headsep=\skip53
\dth@everypar=\toks25
) (/Users/wangshuhan/Library/texmf/tex/latex/mathtools/mathtools.sty
Package: mathtools 2024/10/04 v1.31 mathematical typesetting tools
 (/usr/local/texlive/2026basic/texmf-dist/tex/latex/tools/calc.sty
Package: calc 2025/03/01 v4.3b Infix arithmetic (KKT,FJ)
\calc@Acount=\count288
\calc@Bcount=\count289
\calc@Adimen=\dimen157
\calc@Bdimen=\dimen158
\calc@Askip=\skip54
\calc@Bskip=\skip55
LaTeX Info: Redefining \setlength on input line 86.
LaTeX Info: Redefining \addtolength on input line 87.
\calc@Ccount=\count290
\calc@Cskip=\skip56
) (/Users/wangshuhan/Library/texmf/tex/latex/mathtools/mhsetup.sty
Package: mhsetup 2021/03/18 v1.4 programming setup (MH)
) (/usr/local/texlive/2026basic/texmf-dist/tex/latex/amsmath/amsmath.sty
Package: amsmath 2025/07/09 v2.17z AMS math features
\@mathmargin=\skip57

For additional information on amsmath, use the `?' option.
(/usr/local/texlive/2026basic/texmf-dist/tex/latex/amsmath/amstext.sty
Package: amstext 2024/11/17 v2.01 AMS text
 (/usr/local/texlive/2026basic/texmf-dist/tex/latex/amsmath/amsgen.sty
File: amsgen.sty 1999/11/30 v2.0 generic functions
\@emptytoks=\toks26
\ex@=\dimen159
)) (/usr/local/texlive/2026basic/texmf-dist/tex/latex/amsmath/amsbsy.sty
Package: amsbsy 1999/11/29 v1.2d Bold Symbols
\pmbraise@=\dimen160
) (/usr/local/texlive/2026basic/texmf-dist/tex/latex/amsmath/amsopn.sty
Package: amsopn 2022/04/08 v2.04 operator names
)
\inf@bad=\count291
LaTeX Info: Redefining \frac on input line 233.
\uproot@=\count292
\leftroot@=\count293
LaTeX Info: Redefining \overline on input line 398.
LaTeX Info: Redefining \colon on input line 409.
\classnum@=\count294
\DOTSCASE@=\count295
LaTeX Info: Redefining \ldots on input line 495.
LaTeX Info: Redefining \dots on input line 498.
LaTeX Info: Redefining \cdots on input line 619.
\Mathstrutbox@=\box53
\strutbox@=\box54
LaTeX Info: Redefining \big on input line 721.
LaTeX Info: Redefining \Big on input line 722.
LaTeX Info: Redefining \bigg on input line 723.
LaTeX Info: Redefining \Bigg on input line 724.
\big@size=\dimen161
LaTeX Font Info:    Redeclaring font encoding OML on input line 742.
LaTeX Font Info:    Redeclaring font encoding OMS on input line 743.
\macc@depth=\count296
LaTeX Info: Redefining \bmod on input line 904.
LaTeX Info: Redefining \pmod on input line 909.
LaTeX Info: Redefining \smash on input line 939.
LaTeX Info: Redefining \relbar on input line 969.
LaTeX Info: Redefining \Relbar on input line 970.
\c@MaxMatrixCols=\count297
\dotsspace@=\muskip17
\c@parentequation=\count298
\dspbrk@lvl=\count299
\tag@help=\toks27
\row@=\count300
\column@=\count301
\maxfields@=\count302
\andhelp@=\toks28
\eqnshift@=\dimen162
\alignsep@=\dimen163
\tagshift@=\dimen164
\tagwidth@=\dimen165
\totwidth@=\dimen166
\lineht@=\dimen167
\@envbody=\toks29
\multlinegap=\skip58
\multlinetaggap=\skip59
\mathdisplay@stack=\toks30
LaTeX Info: Redefining \[ on input line 2950.
LaTeX Info: Redefining \] on input line 2951.
)
\g_MT_multlinerow_int=\count303
\l_MT_multwidth_dim=\dimen168
\origjot=\skip60
\l_MT_shortvdotswithinadjustabove_dim=\dimen169
\l_MT_shortvdotswithinadjustbelow_dim=\dimen170
\l_MT_above_intertext_sep=\dimen171
\l_MT_below_intertext_sep=\dimen172
\l_MT_above_shortintertext_sep=\dimen173
\l_MT_below_shortintertext_sep=\dimen174
\xmathstrut@box=\box55
\xmathstrut@dim=\dimen175
) (/usr/local/texlive/2026basic/texmf-dist/tex/latex/hyperref/hyperref.sty
Package: hyperref 2026-01-29 v7.01p Hypertext links for LaTeX
 (/usr/local/texlive/2026basic/texmf-dist/tex/latex/kvsetkeys/kvsetkeys.sty
Package: kvsetkeys 2022-10-05 v1.19 Key value parser (HO)
) (/usr/local/texlive/2026basic/texmf-dist/tex/generic/kvdefinekeys/kvdefinekeys.sty
Package: kvdefinekeys 2019-12-19 v1.6 Define keys (HO)
) (/usr/local/texlive/2026basic/texmf-dist/tex/generic/pdfescape/pdfescape.sty
Package: pdfescape 2019/12/09 v1.15 Implements pdfTeX's escape features (HO)
 (/usr/local/texlive/2026basic/texmf-dist/tex/generic/ltxcmds/ltxcmds.sty
Package: ltxcmds 2023-12-04 v1.26 LaTeX kernel commands for general use (HO)
) (/usr/local/texlive/2026basic/texmf-dist/tex/generic/pdftexcmds/pdftexcmds.sty
Package: pdftexcmds 2020-06-27 v0.33 Utility functions of pdfTeX for LuaTeX (HO)
 (/usr/local/texlive/2026basic/texmf-dist/tex/generic/infwarerr/infwarerr.sty
Package: infwarerr 2019/12/03 v1.5 Providing info/warning/error messages (HO)
)
Package pdftexcmds Info: \pdf@primitive is available.
Package pdftexcmds Info: \pdf@ifprimitive is available.
Package pdftexcmds Info: \pdfdraftmode found.
)) (/usr/local/texlive/2026basic/texmf-dist/tex/latex/hycolor/hycolor.sty
Package: hycolor 2020-01-27 v1.10 Color options for hyperref/bookmark (HO)
) (/usr/local/texlive/2026basic/texmf-dist/tex/latex/hyperref/nameref.sty
Package: nameref 2026-01-29 v2.58 Cross-referencing by name of section
 (/usr/local/texlive/2026basic/texmf-dist/tex/latex/refcount/refcount.sty
Package: refcount 2019/12/15 v3.6 Data extraction from label references (HO)
) (/usr/local/texlive/2026basic/texmf-dist/tex/generic/gettitlestring/gettitlestring.sty
Package: gettitlestring 2019/12/15 v1.6 Cleanup title references (HO)
 (/usr/local/texlive/2026basic/texmf-dist/tex/latex/kvoptions/kvoptions.sty
Package: kvoptions 2022-06-15 v3.15 Key value format for package options (HO)
))
\c@section@level=\count304
) (/Users/wangshuhan/Library/texmf/tex/latex/etoolbox/etoolbox.sty
Package: etoolbox 2025/10/02 v2.5m e-TeX tools for LaTeX (JAW)
\etb@tempcnta=\count305
) (/usr/local/texlive/2026basic/texmf-dist/tex/generic/stringenc/stringenc.sty
Package: stringenc 2019/11/29 v1.12 Convert strings between diff. encodings (HO)
)
\@linkdim=\dimen176
\Hy@linkcounter=\count306
\Hy@pagecounter=\count307
 (/usr/local/texlive/2026basic/texmf-dist/tex/latex/hyperref/pd1enc.def
File: pd1enc.def 2026-01-29 v7.01p Hyperref: PDFDocEncoding definition (HO)
Now handling font encoding PD1 ...
... no UTF-8 mapping file for font encoding PD1
) (/usr/local/texlive/2026basic/texmf-dist/tex/generic/intcalc/intcalc.sty
Package: intcalc 2019/12/15 v1.3 Expandable calculations with integers (HO)
)
\Hy@SavedSpaceFactor=\count308
 (/usr/local/texlive/2026basic/texmf-dist/tex/latex/hyperref/puenc.def
File: puenc.def 2026-01-29 v7.01p Hyperref: PDF Unicode definition (HO)
Now handling font encoding PU ...
... no UTF-8 mapping file for font encoding PU
)
Package hyperref Info: Option `unicode' set `true' on input line 4072.
Package hyperref Info: Option `colorlinks' set `true' on input line 4072.
Package hyperref Info: Hyper figures OFF on input line 4201.
Package hyperref Info: Link nesting OFF on input line 4206.
Package hyperref Info: Hyper index ON on input line 4209.
Package hyperref Info: Plain pages OFF on input line 4216.
Package hyperref Info: Backreferencing OFF on input line 4221.
Package hyperref Info: Implicit mode ON; LaTeX internals redefined.
Package hyperref Info: Bookmarks ON on input line 4468.
\c@Hy@tempcnt=\count309
 (/usr/local/texlive/2026basic/texmf-dist/tex/latex/url/url.sty
\Urlmuskip=\muskip18
Package: url 2013/09/16  ver 3.4  Verb mode for urls, etc.
)
LaTeX Info: Redefining \url on input line 4807.
\XeTeXLinkMargin=\dimen177
 (/usr/local/texlive/2026basic/texmf-dist/tex/generic/bitset/bitset.sty
Package: bitset 2019/12/09 v1.3 Handle bit-vector datatype (HO)
 (/usr/local/texlive/2026basic/texmf-dist/tex/generic/bigintcalc/bigintcalc.sty
Package: bigintcalc 2019/12/15 v1.5 Expandable calculations on big integers (HO)
))
\Fld@menulength=\count310
\Field@Width=\dimen178
\Fld@charsize=\dimen179
Package hyperref Info: Hyper figures OFF on input line 6084.
Package hyperref Info: Link nesting OFF on input line 6089.
Package hyperref Info: Hyper index ON on input line 6092.
Package hyperref Info: backreferencing OFF on input line 6099.
Package hyperref Info: Link coloring ON on input line 6102.
Package hyperref Info: Link coloring with OCG OFF on input line 6109.
Package hyperref Info: PDF/A mode OFF on input line 6114.
\Hy@abspage=\count311
\c@Item=\count312
\c@Hfootnote=\count313
)
Package hyperref Info: Driver (autodetected): hpdftex.
 (/usr/local/texlive/2026basic/texmf-dist/tex/latex/hyperref/hpdftex.def
File: hpdftex.def 2026-01-29 v7.01p Hyperref driver for pdfTeX
\Fld@listcount=\count314
\c@bookmark@seq@number=\count315
 (/usr/local/texlive/2026basic/texmf-dist/tex/latex/rerunfilecheck/rerunfilecheck.sty
Package: rerunfilecheck 2025-06-21 v1.11 Rerun checks for auxiliary files (HO)
 (/usr/local/texlive/2026basic/texmf-dist/tex/generic/uniquecounter/uniquecounter.sty
Package: uniquecounter 2019/12/15 v1.4 Provide unlimited unique counter (HO)
)
Package uniquecounter Info: New unique counter `rerunfilecheck' on input line 284.
)
\Hy@SectionHShift=\skip61
) (/Users/wangshuhan/Library/texmf/tex/latex/unicode-math/unicode-math.sty
Package: unicode-math 2023/08/13 v0.8r Unicode maths in XeLaTeX and LuaLaTeX


/Users/wangshuhan/Library/texmf/tex/latex/unicode-math/unicode-math.sty:40: Package unicode-math Error: Cannot be run with pdftex!
(unicode-math)                Use XeLaTeX or LuaLaTeX instead.

Type <return> to continue.
 ...                                              
                                                  
l.40 ...ror:nn {unicode-math} {unsupported-engine}
                                                  

LaTeX does not know anything more about this error, sorry.

Try typing <return> to proceed.
If that doesn't work, type X <return> to quit.


)

/Users/wangshuhan/Documents/GitHub/HardySpace_formalization/blueprint/src/print.tex:10: LaTeX Error: Unknown option `warnings-off={mathtools-colon,mathtools-overbracket}' for package `unicode-math'.

See the LaTeX manual or LaTeX Companion for explanation.
Type  H <return>  for immediate help.
 ...                                              
                                                  
l.10 ^^M
        
The option `warnings-off={mathtools-colon,mathtools-overbracket}' was not declared in package `unicode-math', perhaps you
misspelled its name. Try typing  <return>  to proceed.

\c@theorem=\count316
(./print.aux)
\openout1 = `print.aux'.

LaTeX Font Info:    Checking defaults for OML/cmm/m/it on input line 25.
LaTeX Font Info:    ... okay on input line 25.
LaTeX Font Info:    Checking defaults for OMS/cmsy/m/n on input line 25.
LaTeX Font Info:    ... okay on input line 25.
LaTeX Font Info:    Checking defaults for OT1/cmr/m/n on input line 25.
LaTeX Font Info:    ... okay on input line 25.
LaTeX Font Info:    Checking defaults for T1/cmr/m/n on input line 25.
LaTeX Font Info:    ... okay on input line 25.
LaTeX Font Info:    Checking defaults for TS1/cmr/m/n on input line 25.
LaTeX Font Info:    ... okay on input line 25.
LaTeX Font Info:    Checking defaults for OMX/cmex/m/n on input line 25.
LaTeX Font Info:    ... okay on input line 25.
LaTeX Font Info:    Checking defaults for U/cmr/m/n on input line 25.
LaTeX Font Info:    ... okay on input line 25.
LaTeX Font Info:    Checking defaults for PD1/pdf/m/n on input line 25.
LaTeX Font Info:    ... okay on input line 25.
LaTeX Font Info:    Checking defaults for PU/pdf/m/n on input line 25.
LaTeX Font Info:    ... okay on input line 25.

*geometry* driver: auto-detecting
*geometry* detected driver: pdftex
*geometry* verbose mode - [ preamble ] result:
* driver: pdftex
* paper: a4paper
* layout: <same size as paper>
* layoutoffset:(h,v)=(0.0pt,0.0pt)
* modes: 
* h-part:(L,W,R)=(89.62709pt, 418.25368pt, 89.6271pt)
* v-part:(T,H,B)=(101.40665pt, 591.5302pt, 152.11pt)
* \paperwidth=597.50787pt
* \paperheight=845.04684pt
* \textwidth=418.25368pt
* \textheight=591.5302pt
* \oddsidemargin=17.3571pt
* \evensidemargin=17.3571pt
* \topmargin=-7.86334pt
* \headheight=12.0pt
* \headsep=25.0pt
* \topskip=10.0pt
* \footskip=30.0pt
* \marginparwidth=57.0pt
* \marginparsep=11.0pt
* \columnsep=10.0pt
* \skip\footins=9.0pt plus 4.0pt minus 2.0pt
* \hoffset=0.0pt
* \voffset=0.0pt
* \mag=1000
* \@twocolumnfalse
* \@twosidefalse
* \@mparswitchfalse
* \@reversemarginfalse
* (1in=72.27pt=25.4mm, 1cm=28.453pt)

(/usr/local/texlive/2026basic/texmf-dist/tex/latex/graphics/graphicx.sty
Package: graphicx 2024/12/31 v1.2e Enhanced LaTeX Graphics (DPC,SPQR)
 (/usr/local/texlive/2026basic/texmf-dist/tex/latex/graphics/graphics.sty
Package: graphics 2024/08/06 v1.4g Standard LaTeX Graphics (DPC,SPQR)
 (/usr/local/texlive/2026basic/texmf-dist/tex/latex/graphics/trig.sty
Package: trig 2023/12/02 v1.11 sin cos tan (DPC)
) (/usr/local/texlive/2026basic/texmf-dist/tex/latex/graphics-cfg/graphics.cfg
File: graphics.cfg 2016/06/04 v1.11 sample graphics configuration
)
Package graphics Info: Driver file: pdftex.def on input line 106.
 (/usr/local/texlive/2026basic/texmf-dist/tex/latex/graphics-def/pdftex.def
File: pdftex.def 2025/09/29 v1.2d Graphics/color driver for pdftex
 (/usr/local/texlive/2026basic/texmf-dist/tex/context/base/mkii/supp-pdf.mkii
[Loading MPS to PDF converter (version 2006.09.02).]
\scratchcounter=\count317
\scratchdimen=\dimen180
\scratchbox=\box56
\nofMPsegments=\count318
\nofMParguments=\count319
\everyMPshowfont=\toks31
\MPscratchCnt=\count320
\MPscratchDim=\dimen181
\MPnumerator=\count321
\makeMPintoPDFobject=\count322
\everyMPtoPDFconversion=\toks32
))) (/usr/local/texlive/2026basic/texmf-dist/tex/latex/epstopdf-pkg/epstopdf-base.sty
Package: epstopdf-base 2020-01-24 v2.11 Base part for package epstopdf
Package epstopdf-base Info: Redefining graphics rule for `.eps' on input line 485.
 (/usr/local/texlive/2026basic/texmf-dist/tex/latex/latexconfig/epstopdf-sys.cfg
File: epstopdf-sys.cfg 2010/07/13 v1.3 Configuration of (r)epstopdf for TeX Live
))
\Gin@req@height=\dimen182
\Gin@req@width=\dimen183
) (/usr/local/texlive/2026basic/texmf-dist/tex/latex/graphics/color.sty
Package: color 2025/01/14 v1.3e Standard LaTeX Color (DPC)
 (/usr/local/texlive/2026basic/texmf-dist/tex/latex/graphics-cfg/color.cfg
File: color.cfg 2016/01/02 v1.6 sample color configuration
)
Package color Info: Driver file: pdftex.def on input line 149.
 (/usr/local/texlive/2026basic/texmf-dist/tex/latex/graphics/mathcolor.ltx))
Package hyperref Info: Link coloring ON on input line 25.
 (./print.out) (./print.out)
\@outlinefile=\write3
\openout3 = `print.out'.

LaTeX Font Info:    Trying to load font information for U+msa on input line 27.
 (/usr/local/texlive/2026basic/texmf-dist/tex/latex/amsfonts/umsa.fd
File: umsa.fd 2013/01/14 v3.01 AMS symbols A
)
LaTeX Font Info:    Trying to load font information for U+msb on input line 27.
 (/usr/local/texlive/2026basic/texmf-dist/tex/latex/amsfonts/umsb.fd
File: umsb.fd 2013/01/14 v3.01 AMS symbols B
) [1

{/Users/wangshuhan/Library/texlive/2026basic/texmf-var/fonts/map/pdftex/updmap/pdftex.map}] (./content.tex
Chapter 1.
./content.tex:29: Undefined control sequence.
l.29   \lean
            {Subharmonic.hasHarmonicMajorant_iff_radialMean_bddAbove,
The control sequence at the end of the top line
of your error message was never \def'ed. If you have
misspelled it (e.g., `\hobx'), type `I' and the correct
spelling (e.g., `I\hbox'). Otherwise just continue,
and I'll forget about whatever was undefined.

./content.tex:29: Missing $ inserted.
<inserted text> 
                $
l.29   \lean{Subharmonic.hasHarmonicMajorant_
                                             iff_radialMean_bddAbove,
I've inserted a begin-math/end-math symbol since I think
you left one out. Proceed, with fingers crossed.

./content.tex:30: Extra }, or forgotten $.
l.30 ...monicMajorant_tendsto_poissonModification}
                                                  
I've deleted a group-closing symbol because it seems to be
spurious, as in `$x}$'. But perhaps the } is legitimate and
you forgot something else, as in `\hbox{$x}'. In such cases
the way to recover is to insert both the forgotten and the
deleted material, e.g., by typing `I$}'.

./content.tex:31: Undefined control sequence.
l.31   \leanok
              
The control sequence at the end of the top line
of your error message was never \def'ed. If you have
misspelled it (e.g., `\hobx'), type `I' and the correct
spelling (e.g., `I\hbox'). Otherwise just continue,
and I'll forget about whatever was undefined.


./content.tex:33: LaTeX Error: \mathbb allowed only in math mode.

See the LaTeX manual or LaTeX Companion for explanation.
Type  H <return>  for immediate help.
 ...                                              
                                                  
l.33   Let $v$ be subharmonic on $\mathbb
                                         {D}$. Then $v$ has a harmonic major...
You're in trouble here.  Try typing  <return>  to proceed.
If that doesn't work, type  X <return>  to quit.


./content.tex:34: LaTeX Error: \mathbb allowed only in math mode.

See the LaTeX manual or LaTeX Companion for explanation.
Type  H <return>  for immediate help.
 ...                                              
                                                  
l.34   $\mathbb
               {D}$ if and only if
You're in trouble here.  Try typing  <return>  to proceed.
If that doesn't work, type  X <return>  to quit.


./content.tex:35: LaTeX Error: Bad math environment delimiter.

See the LaTeX manual or LaTeX Companion for explanation.
Type  H <return>  for immediate help.
 ...                                              
                                                  
l.35   \[
         
Your command was ignored.
Type  I <command> <return>  to replace it with another command,
or  <return>  to continue without it.

./content.tex:39: Missing \endgroup inserted.
<inserted text> 
                \endgroup 
l.39   \]
         
I've inserted something that you may have forgotten.
(See the <inserted text> above.)
With luck, this will get me unwedged. But if you
really didn't forget anything, try typing `2' now; then
my insertion and my current dilemma will both disappear.


./content.tex:39: LaTeX Error: \begin{theorem} on input line 27 ended by \end{equation*}.

See the LaTeX manual or LaTeX Companion for explanation.
Type  H <return>  for immediate help.
 ...                                              
                                                  
l.39   \]
         
Your command was ignored.
Type  I <command> <return>  to replace it with another command,
or  <return>  to continue without it.

./content.tex:39: Missing $ inserted.
<inserted text> 
                $
l.39   \]
         
I've inserted something that you may have forgotten.
(See the <inserted text> above.)
With luck, this will get me unwedged. But if you
really didn't forget anything, try typing `2' now; then
my insertion and my current dilemma will both disappear.

./content.tex:39: Missing } inserted.
<inserted text> 
                }
l.39   \]
         
I've inserted something that you may have forgotten.
(See the <inserted text> above.)
With luck, this will get me unwedged. But if you
really didn't forget anything, try typing `2' now; then
my insertion and my current dilemma will both disappear.


Overfull \hbox (561.08578pt too wide) in paragraph at lines 29--43
[][]\OT1/cmr/bx/n/10 Theorem 1 \OT1/cmr/m/n/10 (Har-monic ma-jo-rants of sub-har-monic func-tions, Gar-nett I.6.7)\OT1/cmr/bx/n/10 . []\OT1/cmr/m/it/10 Subharmonic.hasHarmonicMajorant$[]\OML/cmm/m/it/10 ff[]adialMean[]ddAbove; Subharmonic:exists[]sLeastHarmonicMajorant[]endsto[]oissonModificationSource \OT1/cmr/m/n/10 :
 []


Overfull \hbox (211.50414pt too wide) in paragraph at lines 29--43
\OML/cmm/m/it/10 Garnett; ChapterI; Section\OT1/cmr/m/n/10 6\OML/cmm/m/it/10 ; PDFpage\OT1/cmr/m/n/10 36\OML/cmm/m/it/10 :Let$\OT1/cmr/m/it/10 v$\OML/cmm/m/it/10 besubharmonicon$\OT1/cmr/m/it/10 D$\OML/cmm/m/it/10 :Then$\OT1/cmr/m/it/10 v$\OML/cmm/m/it/10 hasaharmonicmajoranton$\OT1/cmr/m/it/10 D$\OML/cmm/m/it/10 ifandonlyif [][] [] [][] v\OT1/cmr/m/n/10 (\OML/cmm/m/it/10 re[]\OT1/cmr/m/n/10 ) \OML/cmm/m/it/10 d^^R \OT1/cmr/m/n/10 =
 []


./content.tex:49: LaTeX Error: \begin{document} ended by \end{theorem}.

See the LaTeX manual or LaTeX Companion for explanation.
Type  H <return>  for immediate help.
 ...                                              
                                                  
l.49 \end{theorem}
                  
Your command was ignored.
Type  I <command> <return>  to replace it with another command,
or  <return>  to continue without it.

./content.tex:49: Extra \endgroup.
\end  ...end#1\endcsname \@checkend {#1}\endgroup 
                                                  \UseHook {env/#1/after}\if...
l.49 \end{theorem}
                  
Things are pretty mixed up, but I think the worst is over.

./content.tex:55: Undefined control sequence.
l.55   \leanok
              
The control sequence at the end of the top line
of your error message was never \def'ed. If you have
misspelled it (e.g., `\hobx'), type `I' and the correct
spelling (e.g., `I\hbox'). Otherwise just continue,
and I'll forget about whatever was undefined.

./content.tex:73: Undefined control sequence.
l.73   \leanok
              
The control sequence at the end of the top line
of your error message was never \def'ed. If you have
misspelled it (e.g., `\hobx'), type `I' and the correct
spelling (e.g., `I\hbox'). Otherwise just continue,
and I'll forget about whatever was undefined.

./content.tex:74: Undefined control sequence.
l.74   \uses
            {def:nt_region}
The control sequence at the end of the top line
of your error message was never \def'ed. If you have
misspelled it (e.g., `\hobx'), type `I' and the correct
spelling (e.g., `I\hbox'). Otherwise just continue,
and I'll forget about whatever was undefined.

./content.tex:74: Missing $ inserted.
<inserted text> 
                $
l.74   \uses{def:nt_
                    region}
I've inserted a begin-math/end-math symbol since I think
you left one out. Proceed, with fingers crossed.

./content.tex:74: Extra }, or forgotten $.
l.74   \uses{def:nt_region}
                           
I've deleted a group-closing symbol because it seems to be
spurious, as in `$x}$'. But perhaps the } is legitimate and
you forgot something else, as in `\hbox{$x}'. In such cases
the way to recover is to insert both the forgotten and the
deleted material, e.g., by typing `I$}'.


./content.tex:76: LaTeX Error: \mathcal allowed only in math mode.

See the LaTeX manual or LaTeX Companion for explanation.
Type  H <return>  for immediate help.
 ...                                              
                                                  
l.76   Write $\mathcal
                      {N}_{\Gamma_\alpha(\zeta)}(\zeta)$ for the neighbourho...
You're in trouble here.  Try typing  <return>  to proceed.
If that doesn't work, type  X <return>  to quit.

./content.tex:76: Missing $ inserted.
<inserted text> 
                $
l.76   Write $\mathcal{N}_
                          {\Gamma_\alpha(\zeta)}(\zeta)$ for the neighbourho...
I've inserted a begin-math/end-math symbol since I think
you left one out. Proceed, with fingers crossed.


Overfull \hbox (90.08182pt too wide) in paragraph at lines 74--79
[][]\OT1/cmr/bx/n/10 Definition 3 \OT1/cmr/m/n/10 (Non-tan-gen-tial limit)\OT1/cmr/bx/n/10 . []\OT1/cmr/m/n/10 def:nt$[]\OML/cmm/m/it/10 egionSource \OT1/cmr/m/n/10 : \OML/cmm/m/it/10 Garnett; ChapterI; Section\OT1/cmr/m/n/10 5\OML/cmm/m/it/10 ; PDFpage\OT1/cmr/m/n/10 27\OML/cmm/m/it/10 :Write$\OT1/cmr/m/n/10 N$[](\OML/cmm/m/it/10 ^^P\OT1/cmr/m/n/10 )$
 []


pdfTeX warning (ext4): destination with the same identifier (name{page.1}) has been already used, duplicate ignored
<to be read again> 
                   \relax 
l.79   \[
          [1

]
./content.tex:91: Missing } inserted.
<inserted text> 
                }
l.91 \end{definition}
                     
I've inserted something that you may have forgotten.
(See the <inserted text> above.)
With luck, this will get me unwedged. But if you
really didn't forget anything, try typing `2' now; then
my insertion and my current dilemma will both disappear.

./content.tex:95: Undefined control sequence.
l.95   \leanok
              
The control sequence at the end of the top line
of your error message was never \def'ed. If you have
misspelled it (e.g., `\hobx'), type `I' and the correct
spelling (e.g., `I\hbox'). Otherwise just continue,
and I'll forget about whatever was undefined.

./content.tex:96: Undefined control sequence.
l.96   \uses
            {def:nt_limit}
The control sequence at the end of the top line
of your error message was never \def'ed. If you have
misspelled it (e.g., `\hobx'), type `I' and the correct
spelling (e.g., `I\hbox'). Otherwise just continue,
and I'll forget about whatever was undefined.

./content.tex:96: Missing $ inserted.
<inserted text> 
                $
l.96   \uses{def:nt_
                    limit}
I've inserted a begin-math/end-math symbol since I think
you left one out. Proceed, with fingers crossed.

./content.tex:96: Extra }, or forgotten $.
l.96   \uses{def:nt_limit}
                          
I've deleted a group-closing symbol because it seems to be
spurious, as in `$x}$'. But perhaps the } is legitimate and
you forgot something else, as in `\hbox{$x}'. In such cases
the way to recover is to insert both the forgotten and the
deleted material, e.g., by typing `I$}'.

./content.tex:97: Missing $ inserted.
<inserted text> 
                $
l.97   For $\alpha
                  >1$ the boundary value of $f$ at $\zeta$ within a single a...
I've inserted a begin-math/end-math symbol since I think
you left one out. Proceed, with fingers crossed.

./content.tex:109: Missing } inserted.
<inserted text> 
                }
l.109 \end{definition}
                      
I've inserted something that you may have forgotten.
(See the <inserted text> above.)
With luck, this will get me unwedged. But if you
really didn't forget anything, try typing `2' now; then
my insertion and my current dilemma will both disappear.

./content.tex:113: Undefined control sequence.
l.113   \lean
             {poissonKernel_le_of_mem_stolzSetAt}
The control sequence at the end of the top line
of your error message was never \def'ed. If you have
misspelled it (e.g., `\hobx'), type `I' and the correct
spelling (e.g., `I\hbox'). Otherwise just continue,
and I'll forget about whatever was undefined.

./content.tex:113: Missing $ inserted.
<inserted text> 
                $
l.113   \lean{poissonKernel_
                            le_of_mem_stolzSetAt}
I've inserted a begin-math/end-math symbol since I think
you left one out. Proceed, with fingers crossed.

./content.tex:113: Extra }, or forgotten $.
l.113   \lean{poissonKernel_le_of_mem_stolzSetAt}
                                                 
I've deleted a group-closing symbol because it seems to be
spurious, as in `$x}$'. But perhaps the } is legitimate and
you forgot something else, as in `\hbox{$x}'. In such cases
the way to recover is to insert both the forgotten and the
deleted material, e.g., by typing `I$}'.

./content.tex:114: Undefined control sequence.
l.114   \leanok
               
The control sequence at the end of the top line
of your error message was never \def'ed. If you have
misspelled it (e.g., `\hobx'), type `I' and the correct
spelling (e.g., `I\hbox'). Otherwise just continue,
and I'll forget about whatever was undefined.

./content.tex:115: Undefined control sequence.
l.115   \uses
             {def:nt_region}
The control sequence at the end of the top line
of your error message was never \def'ed. If you have
misspelled it (e.g., `\hobx'), type `I' and the correct
spelling (e.g., `I\hbox'). Otherwise just continue,
and I'll forget about whatever was undefined.

./content.tex:116: Missing $ inserted.
<inserted text> 
                $
l.116   Let $\alpha
                   >1$. There is a constant $C_\alpha$ such that for every
I've inserted a begin-math/end-math symbol since I think
you left one out. Proceed, with fingers crossed.


Overfull \hbox (26.48225pt too wide) in paragraph at lines 113--119
[][]\OT1/cmr/bx/n/10 Lemma 5 \OT1/cmr/m/n/10 (Pois-son ker-nel over a Stolz re-gion)\OT1/cmr/bx/n/10 . []\OT1/cmr/m/it/10 poissonKernel$[]\OML/cmm/m/it/10 e[]f[]em[]tolzSetAt[]Let$$ >
 []

./content.tex:132: Undefined control sequence.
<recently read> \proves 
                        
l.132     \proves
                 {lem:poisson_stolz_bound}
The control sequence at the end of the top line
of your error message was never \def'ed. If you have
misspelled it (e.g., `\hobx'), type `I' and the correct
spelling (e.g., `I\hbox'). Otherwise just continue,
and I'll forget about whatever was undefined.

./content.tex:132: Missing $ inserted.
<inserted text> 
                $
l.132     \proves{lem:poisson_
                              stolz_bound}
I've inserted a begin-math/end-math symbol since I think
you left one out. Proceed, with fingers crossed.

./content.tex:132: Extra }, or forgotten $.
l.132     \proves{lem:poisson_stolz_bound}
                                          
I've deleted a group-closing symbol because it seems to be
spurious, as in `$x}$'. But perhaps the } is legitimate and
you forgot something else, as in `\hbox{$x}'. In such cases
the way to recover is to insert both the forgotten and the
deleted material, e.g., by typing `I$}'.

./content.tex:133: Undefined control sequence.
l.133     \leanok
                 
The control sequence at the end of the top line
of your error message was never \def'ed. If you have
misspelled it (e.g., `\hobx'), type `I' and the correct
spelling (e.g., `I\hbox'). Otherwise just continue,
and I'll forget about whatever was undefined.

./content.tex:134: Missing $ inserted.
<inserted text> 
                $
l.134     From $|e^
                   {i\theta}-z|\ge 1-|z|$ and, by the triangle inequality an...
I've inserted a begin-math/end-math symbol since I think
you left one out. Proceed, with fingers crossed.

./content.tex:140: Missing } inserted.
<inserted text> 
                }
l.140   \end{proof}
                   
I've inserted something that you may have forgotten.
(See the <inserted text> above.)
With luck, this will get me unwedged. But if you
really didn't forget anything, try typing `2' now; then
my insertion and my current dilemma will both disappear.

./content.tex:141: Missing } inserted.
<inserted text> 
                }
l.141 \end{lemma}
                 
I've inserted something that you may have forgotten.
(See the <inserted text> above.)
With luck, this will get me unwedged. But if you
really didn't forget anything, try typing `2' now; then
my insertion and my current dilemma will both disappear.

./content.tex:145: Undefined control sequence.
l.145   \notready
                 
The control sequence at the end of the top line
of your error message was never \def'ed. If you have
misspelled it (e.g., `\hobx'), type `I' and the correct
spelling (e.g., `I\hbox'). Otherwise just continue,
and I'll forget about whatever was undefined.


Overfull \hbox (78.85316pt too wide) in paragraph at lines 160--170
\OT1/cmr/m/it/10 mea-sures, \OT1/cmtt/m/it/10 Besicovitch.vitaliFamily \OT1/cmr/m/it/10 needs only $\OML/cmm/m/it/10 s$\OT1/cmr/m/it/10 -finiteness, and \OT1/cmtt/m/it/10 VitaliFamily.ae[]tendsto[]average[]norm[]sub
 []

[2]
./content.tex:187: Undefined control sequence.
l.187   \notready
                 
The control sequence at the end of the top line
of your error message was never \def'ed. If you have
misspelled it (e.g., `\hobx'), type `I' and the correct
spelling (e.g., `I\hbox'). Otherwise just continue,
and I'll forget about whatever was undefined.

./content.tex:188: Undefined control sequence.
l.188   \uses
             {def:nt_limit, lem:poisson_stolz_bound, thm:circle_differentiat...
The control sequence at the end of the top line
of your error message was never \def'ed. If you have
misspelled it (e.g., `\hobx'), type `I' and the correct
spelling (e.g., `I\hbox'). Otherwise just continue,
and I'll forget about whatever was undefined.

./content.tex:188: Missing $ inserted.
<inserted text> 
                $
l.188   \uses{def:nt_
                     limit, lem:poisson_stolz_bound, thm:circle_differentiat...
I've inserted a begin-math/end-math symbol since I think
you left one out. Proceed, with fingers crossed.

./content.tex:188: Extra }, or forgotten $.
l.188 ..._stolz_bound, thm:circle_differentiation}
                                                  
I've deleted a group-closing symbol because it seems to be
spurious, as in `$x}$'. But perhaps the } is legitimate and
you forgot something else, as in `\hbox{$x}'. In such cases
the way to recover is to insert both the forgotten and the
deleted material, e.g., by typing `I$}'.

./content.tex:190: Missing $ inserted.
<inserted text> 
                $
l.190   If $\nu
               $ is a finite signed measure on $\partial\D$ that is singular...
I've inserted a begin-math/end-math symbol since I think
you left one out. Proceed, with fingers crossed.


Overfull \hbox (23.78302pt too wide) in paragraph at lines 188--192
\OML/cmm/m/it/10 poisson[]tolz[]ound; thm \OT1/cmr/m/n/10 : \OML/cmm/m/it/10 circle[]ifferentiationSource \OT1/cmr/m/n/10 : \OML/cmm/m/it/10 Garnett; ChapterI; Section\OT1/cmr/m/n/10 5\OML/cmm/m/it/10 ; PDFpages\OT1/cmr/m/n/10 41 \OMS/cmsy/m/n/10 ^^@
 []

./content.tex:200: Undefined control sequence.
<recently read> \notready 
                          
l.200     \notready
                   
The control sequence at the end of the top line
of your error message was never \def'ed. If you have
misspelled it (e.g., `\hobx'), type `I' and the correct
spelling (e.g., `I\hbox'). Otherwise just continue,
and I'll forget about whatever was undefined.

./content.tex:212: Missing } inserted.
<inserted text> 
                }
l.212 \end{lemma}
                 
I've inserted something that you may have forgotten.
(See the <inserted text> above.)
With luck, this will get me unwedged. But if you
really didn't forget anything, try typing `2' now; then
my insertion and my current dilemma will both disappear.

./content.tex:216: Undefined control sequence.
l.216   \notready
                 
The control sequence at the end of the top line
of your error message was never \def'ed. If you have
misspelled it (e.g., `\hobx'), type `I' and the correct
spelling (e.g., `I\hbox'). Otherwise just continue,
and I'll forget about whatever was undefined.

./content.tex:217: Undefined control sequence.
l.217   \uses
             {def:nt_limit, lem:poisson_stolz_bound, thm:circle_differentiat...
The control sequence at the end of the top line
of your error message was never \def'ed. If you have
misspelled it (e.g., `\hobx'), type `I' and the correct
spelling (e.g., `I\hbox'). Otherwise just continue,
and I'll forget about whatever was undefined.

./content.tex:217: Missing $ inserted.
<inserted text> 
                $
l.217   \uses{def:nt_
                     limit, lem:poisson_stolz_bound, thm:circle_differentiat...
I've inserted a begin-math/end-math symbol since I think
you left one out. Proceed, with fingers crossed.

./content.tex:217: Extra }, or forgotten $.
l.217 ..._stolz_bound, thm:circle_differentiation}
                                                  
I've deleted a group-closing symbol because it seems to be
spurious, as in `$x}$'. But perhaps the } is legitimate and
you forgot something else, as in `\hbox{$x}'. In such cases
the way to recover is to insert both the forgotten and the
deleted material, e.g., by typing `I$}'.

./content.tex:218: Missing $ inserted.
<inserted text> 
                $
l.218   Let $k\in
                  L^1(d\theta/2\pi)$. Then at every Lebesgue point $\zeta$ o...
I've inserted a begin-math/end-math symbol since I think
you left one out. Proceed, with fingers crossed.


Overfull \hbox (68.75606pt too wide) in paragraph at lines 217--220
[][]\OT1/cmr/bx/n/10 Theorem 8 \OT1/cmr/m/n/10 (Fa-tou at Lebesgue points)\OT1/cmr/bx/n/10 . []\OT1/cmr/m/it/10 def:nt$[]\OML/cmm/m/it/10 imit; lem \OT1/cmr/m/n/10 : \OML/cmm/m/it/10 poisson[]tolz[]ound; thm \OT1/cmr/m/n/10 : \OML/cmm/m/it/10 circle[]ifferentiationLet$\OT1/cmr/m/it/10 k$\OMS/cmsy/m/n/10 2
 []

./content.tex:224: Undefined control sequence.
<recently read> \notready 
                          
l.224     \notready
                   
The control sequence at the end of the top line
of your error message was never \def'ed. If you have
misspelled it (e.g., `\hobx'), type `I' and the correct
spelling (e.g., `I\hbox'). Otherwise just continue,
and I'll forget about whatever was undefined.

./content.tex:232: Missing } inserted.
<inserted text> 
                }
l.232 \end{theorem}
                   
I've inserted something that you may have forgotten.
(See the <inserted text> above.)
With luck, this will get me unwedged. But if you
really didn't forget anything, try typing `2' now; then
my insertion and my current dilemma will both disappear.

./content.tex:236: Undefined control sequence.
l.236   \mathlibok
                  
The control sequence at the end of the top line
of your error message was never \def'ed. If you have
misspelled it (e.g., `\hobx'), type `I' and the correct
spelling (e.g., `I\hbox'). Otherwise just continue,
and I'll forget about whatever was undefined.


Overfull \hbox (52.57915pt too wide) in paragraph at lines 241--249
\OT1/cmr/m/it/10 This is avail-able in math-lib: \OT1/cmtt/m/it/10 MeasureTheory.SignedMeasure.singularPart[]add[]withDensity[]rnDeriv[]eq\OT1/cmr/m/it/10 ,
 []


Overfull \hbox (86.20326pt too wide) in paragraph at lines 241--249
\OT1/cmtt/m/it/10 SignedMeasure.rnDeriv\OT1/cmr/m/it/10 , \OT1/cmtt/m/it/10 SignedMeasure.integrable[]rnDeriv\OT1/cmr/m/it/10 , the signed den-sity op-er-a-tor \OT1/cmtt/m/it/10 Measure.withDensity
 []

./content.tex:253: Undefined control sequence.
l.253   \notready
                 
The control sequence at the end of the top line
of your error message was never \def'ed. If you have
misspelled it (e.g., `\hobx'), type `I' and the correct
spelling (e.g., `I\hbox'). Otherwise just continue,
and I'll forget about whatever was undefined.

./content.tex:254: Undefined control sequence.
l.254   \uses
             {thm:I_5_3_ac, lem:I_5_4, thm:signed_lebesgue_decomposition,
The control sequence at the end of the top line
of your error message was never \def'ed. If you have
misspelled it (e.g., `\hobx'), type `I' and the correct
spelling (e.g., `I\hbox'). Otherwise just continue,
and I'll forget about whatever was undefined.

./content.tex:254: Missing $ inserted.
<inserted text> 
                $
l.254   \uses{thm:I_
                    5_3_ac, lem:I_5_4, thm:signed_lebesgue_decomposition,
I've inserted a begin-math/end-math symbol since I think
you left one out. Proceed, with fingers crossed.

./content.tex:254: Double subscript.
l.254   \uses{thm:I_5_
                      3_ac, lem:I_5_4, thm:signed_lebesgue_decomposition,
I treat `x_1_2' essentially like `x_1{}_2'.

./content.tex:254: Double subscript.
l.254   \uses{thm:I_5_3_
                        ac, lem:I_5_4, thm:signed_lebesgue_decomposition,
I treat `x_1_2' essentially like `x_1{}_2'.

./content.tex:254: Double subscript.
l.254   \uses{thm:I_5_3_ac, lem:I_5_
                                    4, thm:signed_lebesgue_decomposition,
I treat `x_1_2' essentially like `x_1{}_2'.

./content.tex:255: Extra }, or forgotten $.
l.255     def:nt_limit, def:boundary_function}
                                              
I've deleted a group-closing symbol because it seems to be
spurious, as in `$x}$'. But perhaps the } is legitimate and
you forgot something else, as in `\hbox{$x}'. In such cases
the way to recover is to insert both the forgotten and the
deleted material, e.g., by typing `I$}'.

./content.tex:257: Missing $ inserted.
<inserted text> 
                $
l.257   Let $\mu
                $ be a finite signed measure on $\partial\D$, with Lebesgue
I've inserted a begin-math/end-math symbol since I think
you left one out. Proceed, with fingers crossed.


Overfull \hbox (116.3794pt too wide) in paragraph at lines 254--261
\OML/cmm/m/it/10 signed[]ebesgue[]ecomposition; def \OT1/cmr/m/n/10 : \OML/cmm/m/it/10 nt[]imit; def \OT1/cmr/m/n/10 : \OML/cmm/m/it/10 boundary[]unctionSource \OT1/cmr/m/n/10 : \OML/cmm/m/it/10 Garnett; ChapterI; Section\OT1/cmr/m/n/10 5\OML/cmm/m/it/10 ; PDFpages\OT1/cmr/m/n/10 40 \OMS/cmsy/m/n/10 ^^@
 []

./content.tex:269: Undefined control sequence.
<recently read> \notready 
                          
l.269     \notready
                   
The control sequence at the end of the top line
of your error message was never \def'ed. If you have
misspelled it (e.g., `\hobx'), type `I' and the correct
spelling (e.g., `I\hbox'). Otherwise just continue,
and I'll forget about whatever was undefined.

[3]
./content.tex:274: Missing } inserted.
<inserted text> 
                }
l.274 \end{theorem}
                   
I've inserted something that you may have forgotten.
(See the <inserted text> above.)
With luck, this will get me unwedged. But if you
really didn't forget anything, try typing `2' now; then
my insertion and my current dilemma will both disappear.

./content.tex:278: Undefined control sequence.
l.278   \notready
                 
The control sequence at the end of the top line
of your error message was never \def'ed. If you have
misspelled it (e.g., `\hobx'), type `I' and the correct
spelling (e.g., `I\hbox'). Otherwise just continue,
and I'll forget about whatever was undefined.

./content.tex:279: Undefined control sequence.
l.279   \uses
             {thm:positive_harmonic_poisson_measure}
The control sequence at the end of the top line
of your error message was never \def'ed. If you have
misspelled it (e.g., `\hobx'), type `I' and the correct
spelling (e.g., `I\hbox'). Otherwise just continue,
and I'll forget about whatever was undefined.

./content.tex:279: Missing $ inserted.
<inserted text> 
                $
l.279   \uses{thm:positive_
                           harmonic_poisson_measure}
I've inserted a begin-math/end-math symbol since I think
you left one out. Proceed, with fingers crossed.

./content.tex:279: Extra }, or forgotten $.
l.279 ...es{thm:positive_harmonic_poisson_measure}
                                                  
I've deleted a group-closing symbol because it seems to be
spurious, as in `$x}$'. But perhaps the } is legitimate and
you forgot something else, as in `\hbox{$x}'. In such cases
the way to recover is to insert both the forgotten and the
deleted material, e.g., by typing `I$}'.


./content.tex:280: LaTeX Error: \mathbb allowed only in math mode.

See the LaTeX manual or LaTeX Companion for explanation.
Type  H <return>  for immediate help.
 ...                                              
                                                  
l.280   If $u$ is real harmonic on $\D
                                      $ with $|u|\le M$, then there is
You're in trouble here.  Try typing  <return>  to proceed.
If that doesn't work, type  X <return>  to quit.

./content.tex:280: Missing $ inserted.
<inserted text> 
                $
l.280 ...$u$ is real harmonic on $\D$ with $|u|\le
                                                   M$, then there is
I've inserted a begin-math/end-math symbol since I think
you left one out. Proceed, with fingers crossed.


Overfull \hbox (244.50087pt too wide) in paragraph at lines 279--284
[][]\OT1/cmr/bx/n/10 Theorem 11 \OT1/cmr/m/n/10 (Bounded har-monic func-tions are Pois-son in-te-grals of $\OML/cmm/m/it/10 L[]$ \OT1/cmr/m/n/10 data)\OT1/cmr/bx/n/10 . []\OT1/cmr/m/it/10 thm:positive$[]\OML/cmm/m/it/10 armonic[]oisson[]easureIf$\OT1/cmr/m/it/10 u$\OML/cmm/m/it/10 isrealharmonicon$\OT1/cmr/m/it/10 D$\OML/cmm/m/it/10 with$\OT1/cmr/m/it/10 |u|$\OMS/cmsy/m/n/10 ^^T
 []

./content.tex:284: Undefined control sequence.
<recently read> \notready 
                          
l.284     \notready
                   
The control sequence at the end of the top line
of your error message was never \def'ed. If you have
misspelled it (e.g., `\hobx'), type `I' and the correct
spelling (e.g., `I\hbox'). Otherwise just continue,
and I'll forget about whatever was undefined.

./content.tex:292: Missing } inserted.
<inserted text> 
                }
l.292 \end{theorem}
                   
I've inserted something that you may have forgotten.
(See the <inserted text> above.)
With luck, this will get me unwedged. But if you
really didn't forget anything, try typing `2' now; then
my insertion and my current dilemma will both disappear.

./content.tex:296: Undefined control sequence.
l.296   \notready
                 
The control sequence at the end of the top line
of your error message was never \def'ed. If you have
misspelled it (e.g., `\hobx'), type `I' and the correct
spelling (e.g., `I\hbox'). Otherwise just continue,
and I'll forget about whatever was undefined.

./content.tex:311: Undefined control sequence.
l.311   \lean
             {summable_one_sub_norm_of_hasHarmonicMajorant,
The control sequence at the end of the top line
of your error message was never \def'ed. If you have
misspelled it (e.g., `\hobx'), type `I' and the correct
spelling (e.g., `I\hbox'). Otherwise just continue,
and I'll forget about whatever was undefined.

./content.tex:311: Missing $ inserted.
<inserted text> 
                $
l.311   \lean{summable_
                       one_sub_norm_of_hasHarmonicMajorant,
I've inserted a begin-math/end-math symbol since I think
you left one out. Proceed, with fingers crossed.

./content.tex:312: Extra }, or forgotten $.
l.312 ...e_sub_norm_le_of_isLeastHarmonicMajorant}
                                                  
I've deleted a group-closing symbol because it seems to be
spurious, as in `$x}$'. But perhaps the } is legitimate and
you forgot something else, as in `\hbox{$x}'. In such cases
the way to recover is to insert both the forgotten and the
deleted material, e.g., by typing `I$}'.

./content.tex:313: Undefined control sequence.
l.313   \leanok
               
The control sequence at the end of the top line
of your error message was never \def'ed. If you have
misspelled it (e.g., `\hobx'), type `I' and the correct
spelling (e.g., `I\hbox'). Otherwise just continue,
and I'll forget about whatever was undefined.

./content.tex:314: Undefined control sequence.
l.314   \uses
             {thm:I_6_7}
The control sequence at the end of the top line
of your error message was never \def'ed. If you have
misspelled it (e.g., `\hobx'), type `I' and the correct
spelling (e.g., `I\hbox'). Otherwise just continue,
and I'll forget about whatever was undefined.

./content.tex:314: Double subscript.
l.314   \uses{thm:I_6_
                      7}
I treat `x_1_2' essentially like `x_1{}_2'.


./content.tex:316: LaTeX Error: \mathbb allowed only in math mode.

See the LaTeX manual or LaTeX Companion for explanation.
Type  H <return>  for immediate help.
 ...                                              
                                                  
l.316 ...e a nonzero analytic function on $\mathbb
                                                  {D}$, and let
You're in trouble here.  Try typing  <return>  to proceed.
If that doesn't work, type  X <return>  to quit.

LaTeX Font Info:    Trying to load font information for OMS+cmr on input line 317.
(/usr/local/texlive/2026basic/texmf-dist/tex/latex/base/omscmr.fd
File: omscmr.fd 2024/11/19 v2.5n Standard LaTeX font definitions
)
LaTeX Font Info:    Font shape `OMS/cmr/m/it' in size <10> not available
(Font)              Font shape `OMS/cmsy/m/n' tried instead on input line 317.

./content.tex:317: Missing $ inserted.
<inserted text> 
                $
l.317   $\{a_
             n\}$ be its zeros, counted with multiplicity. If $\log |f|$ has a
I've inserted a begin-math/end-math symbol since I think
you left one out. Proceed, with fingers crossed.


Overfull \hbox (448.9661pt too wide) in paragraph at lines 311--319
[][]\OT1/cmr/bx/n/10 Theorem 13 \OT1/cmr/m/n/10 (Gar-nett II.2.1: har-monic ma-jo-rants im-ply the Blaschke con-di-tion)\OT1/cmr/bx/n/10 . []\OT1/cmr/m/it/10 summable$[]\OML/cmm/m/it/10 ne[]ub[]orm[]f[]asHarmonicMajorant; tsum[]ne[]ub[]orm[]e[]f[]sLeastHarmonicMajorant[]Source \OT1/cmr/m/n/10 :
 []


Overfull \hbox (1.44524pt too wide) in paragraph at lines 311--319
\OML/cmm/m/it/10 Garnett; ChapterII; Section\OT1/cmr/m/n/10 2\OML/cmm/m/it/10 ; PDFpage\OT1/cmr/m/n/10 63\OML/cmm/m/it/10 :Let$\OT1/cmr/m/it/10 f$\OML/cmm/m/it/10 beanonzeroanalyticfunctionon$\OT1/cmr/m/it/10 D$\OML/cmm/m/it/10 ; andlet$\OMS/cmsy/m/n/10 f\OT1/cmr/m/it/10 a$[]\OMS/cmsy/m/n/10 g$ \OT1/cmr/m/it/10 be
 []

./content.tex:343: Missing } inserted.
<inserted text> 
                }
l.343 \end{theorem}
                   
I've inserted something that you may have forgotten.
(See the <inserted text> above.)
With luck, this will get me unwedged. But if you
really didn't forget anything, try typing `2' now; then
my insertion and my current dilemma will both disappear.

./content.tex:347: Undefined control sequence.
l.347   \notready
                 
The control sequence at the end of the top line
of your error message was never \def'ed. If you have
misspelled it (e.g., `\hobx'), type `I' and the correct
spelling (e.g., `I\hbox'). Otherwise just continue,
and I'll forget about whatever was undefined.

./content.tex:358: Undefined control sequence.
l.358   \notready
                 
The control sequence at the end of the top line
of your error message was never \def'ed. If you have
misspelled it (e.g., `\hobx'), type `I' and the correct
spelling (e.g., `I\hbox'). Otherwise just continue,
and I'll forget about whatever was undefined.

./content.tex:359: Undefined control sequence.
l.359   \uses
             {thm:II_2_1, thm:II_2_2}
The control sequence at the end of the top line
of your error message was never \def'ed. If you have
misspelled it (e.g., `\hobx'), type `I' and the correct
spelling (e.g., `I\hbox'). Otherwise just continue,
and I'll forget about whatever was undefined.

./content.tex:359: Missing $ inserted.
<inserted text> 
                $
l.359   \uses{thm:II_
                     2_1, thm:II_2_2}
I've inserted a begin-math/end-math symbol since I think
you left one out. Proceed, with fingers crossed.

./content.tex:359: Double subscript.
l.359   \uses{thm:II_2_
                       1, thm:II_2_2}
I treat `x_1_2' essentially like `x_1{}_2'.

./content.tex:359: Double subscript.
l.359   \uses{thm:II_2_1, thm:II_2_
                                   2}
I treat `x_1_2' essentially like `x_1{}_2'.

./content.tex:359: Extra }, or forgotten $.
l.359   \uses{thm:II_2_1, thm:II_2_2}
                                     
I've deleted a group-closing symbol because it seems to be
spurious, as in `$x}$'. But perhaps the } is legitimate and
you forgot something else, as in `\hbox{$x}'. In such cases
the way to recover is to insert both the forgotten and the
deleted material, e.g., by typing `I$}'.

./content.tex:361: Missing $ inserted.
<inserted text> 
                $
l.361   Let $0<p<\infty
                       $, let $f\in H^p(\mathbb D)$ be nonzero, and let $B$ ...
I've inserted a begin-math/end-math symbol since I think
you left one out. Proceed, with fingers crossed.

[4]
./content.tex:368: Missing } inserted.
<inserted text> 
                }
l.368 \end{theorem}
                   
I've inserted something that you may have forgotten.
(See the <inserted text> above.)
With luck, this will get me unwedged. But if you
really didn't forget anything, try typing `2' now; then
my insertion and my current dilemma will both disappear.

./content.tex:372: Undefined control sequence.
l.372   \notready
                 
The control sequence at the end of the top line
of your error message was never \def'ed. If you have
misspelled it (e.g., `\hobx'), type `I' and the correct
spelling (e.g., `I\hbox'). Otherwise just continue,
and I'll forget about whatever was undefined.

./content.tex:373: Undefined control sequence.
l.373   \uses
             {thm:I_6_7, thm:II_2_1, thm:II_2_2}
The control sequence at the end of the top line
of your error message was never \def'ed. If you have
misspelled it (e.g., `\hobx'), type `I' and the correct
spelling (e.g., `I\hbox'). Otherwise just continue,
and I'll forget about whatever was undefined.

./content.tex:373: Missing $ inserted.
<inserted text> 
                $
l.373   \uses{thm:I_
                    6_7, thm:II_2_1, thm:II_2_2}
I've inserted a begin-math/end-math symbol since I think
you left one out. Proceed, with fingers crossed.

./content.tex:373: Double subscript.
l.373   \uses{thm:I_6_
                      7, thm:II_2_1, thm:II_2_2}
I treat `x_1_2' essentially like `x_1{}_2'.

./content.tex:373: Double subscript.
l.373   \uses{thm:I_6_7, thm:II_2_
                                  1, thm:II_2_2}
I treat `x_1_2' essentially like `x_1{}_2'.

./content.tex:373: Double subscript.
l.373   \uses{thm:I_6_7, thm:II_2_1, thm:II_2_
                                              2}
I treat `x_1_2' essentially like `x_1{}_2'.

./content.tex:373: Extra }, or forgotten $.
l.373   \uses{thm:I_6_7, thm:II_2_1, thm:II_2_2}
                                                
I've deleted a group-closing symbol because it seems to be
spurious, as in `$x}$'. But perhaps the } is legitimate and
you forgot something else, as in `\hbox{$x}'. In such cases
the way to recover is to insert both the forgotten and the
deleted material, e.g., by typing `I$}'.

./content.tex:375: Missing $ inserted.
<inserted text> 
                $
l.375   Let $f\in
                  H^\infty(\mathbb D)$ with $\lVert f\rVert_\infty\le 1$. Th...
I've inserted a begin-math/end-math symbol since I think
you left one out. Proceed, with fingers crossed.

./content.tex:389: Missing } inserted.
<inserted text> 
                }
l.389 \end{theorem}
                   
I've inserted something that you may have forgotten.
(See the <inserted text> above.)
With luck, this will get me unwedged. But if you
really didn't forget anything, try typing `2' now; then
my insertion and my current dilemma will both disappear.

./content.tex:393: Undefined control sequence.
l.393   \lean
             {BlaschkeFactor, normedBlaschkeFactor}
The control sequence at the end of the top line
of your error message was never \def'ed. If you have
misspelled it (e.g., `\hobx'), type `I' and the correct
spelling (e.g., `I\hbox'). Otherwise just continue,
and I'll forget about whatever was undefined.

./content.tex:394: Undefined control sequence.
l.394   \leanok
               
The control sequence at the end of the top line
of your error message was never \def'ed. If you have
misspelled it (e.g., `\hobx'), type `I' and the correct
spelling (e.g., `I\hbox'). Otherwise just continue,
and I'll forget about whatever was undefined.

./content.tex:395: Undefined control sequence.
l.395   \uses
             {thm:II_2_1, thm:II_2_2, thm:II_2_3, thm:II_2_4}
The control sequence at the end of the top line
of your error message was never \def'ed. If you have
misspelled it (e.g., `\hobx'), type `I' and the correct
spelling (e.g., `I\hbox'). Otherwise just continue,
and I'll forget about whatever was undefined.

./content.tex:395: Missing $ inserted.
<inserted text> 
                $
l.395   \uses{thm:II_
                     2_1, thm:II_2_2, thm:II_2_3, thm:II_2_4}
I've inserted a begin-math/end-math symbol since I think
you left one out. Proceed, with fingers crossed.

./content.tex:395: Double subscript.
l.395   \uses{thm:II_2_
                       1, thm:II_2_2, thm:II_2_3, thm:II_2_4}
I treat `x_1_2' essentially like `x_1{}_2'.

./content.tex:395: Double subscript.
l.395   \uses{thm:II_2_1, thm:II_2_
                                   2, thm:II_2_3, thm:II_2_4}
I treat `x_1_2' essentially like `x_1{}_2'.

./content.tex:395: Double subscript.
l.395   \uses{thm:II_2_1, thm:II_2_2, thm:II_2_
                                               3, thm:II_2_4}
I treat `x_1_2' essentially like `x_1{}_2'.

./content.tex:395: Double subscript.
l.395 ...II_2_1, thm:II_2_2, thm:II_2_3, thm:II_2_
                                                  4}
I treat `x_1_2' essentially like `x_1{}_2'.

./content.tex:395: Extra }, or forgotten $.
l.395 ..._2_1, thm:II_2_2, thm:II_2_3, thm:II_2_4}
                                                  
I've deleted a group-closing symbol because it seems to be
spurious, as in `$x}$'. But perhaps the } is legitimate and
you forgot something else, as in `\hbox{$x}'. In such cases
the way to recover is to insert both the forgotten and the
deleted material, e.g., by typing `I$}'.

./content.tex:398: Missing $ inserted.
<inserted text> 
                $
l.398 .... boundary-modulus theorem, prove the $H^
                                                  p$
I've inserted a begin-math/end-math symbol since I think
you left one out. Proceed, with fingers crossed.


Overfull \hbox (476.89243pt too wide) in paragraph at lines 393--401
\OML/cmm/m/it/10 II[][]; thm \OT1/cmr/m/n/10 : \OML/cmm/m/it/10 II[][]; thm \OT1/cmr/m/n/10 : \OML/cmm/m/it/10 II[][]ThecurrentLeanprojecthastheone \OMS/cmsy/m/n/10 ^^@ \OML/cmm/m/it/10 zeroBlaschkefactors:ThelaterformalizationtargetistodefineinfiniteBlaschkeproducts; provecompactconvergence; provethea:e:boundary \OMS/cmsy/m/n/10 ^^@
 []

./content.tex:401: Missing } inserted.
<inserted text> 
                }
l.401 \end{definition}
                      
I've inserted something that you may have forgotten.
(See the <inserted text> above.)
With luck, this will get me unwedged. But if you
really didn't forget anything, try typing `2' now; then
my insertion and my current dilemma will both disappear.

./content.tex:407: Undefined control sequence.
l.407   \notready
                 
The control sequence at the end of the top line
of your error message was never \def'ed. If you have
misspelled it (e.g., `\hobx'), type `I' and the correct
spelling (e.g., `I\hbox'). Otherwise just continue,
and I'll forget about whatever was undefined.

./content.tex:408: Undefined control sequence.
l.408   \uses
             {thm:II_5_3, def:boundary_function}
The control sequence at the end of the top line
of your error message was never \def'ed. If you have
misspelled it (e.g., `\hobx'), type `I' and the correct
spelling (e.g., `I\hbox'). Otherwise just continue,
and I'll forget about whatever was undefined.

./content.tex:408: Missing $ inserted.
<inserted text> 
                $
l.408   \uses{thm:II_
                     5_3, def:boundary_function}
I've inserted a begin-math/end-math symbol since I think
you left one out. Proceed, with fingers crossed.

./content.tex:408: Double subscript.
l.408   \uses{thm:II_5_
                       3, def:boundary_function}
I treat `x_1_2' essentially like `x_1{}_2'.

./content.tex:408: Extra }, or forgotten $.
l.408   \uses{thm:II_5_3, def:boundary_function}
                                                
I've deleted a group-closing symbol because it seems to be
spurious, as in `$x}$'. But perhaps the } is legitimate and
you forgot something else, as in `\hbox{$x}'. In such cases
the way to recover is to insert both the forgotten and the
deleted material, e.g., by typing `I$}'.

./content.tex:410: Missing $ inserted.
<inserted text> 
                $
l.410   Let $f\in
                  N$, and suppose the boundary function $f^*$ vanishes on a ...
I've inserted a begin-math/end-math symbol since I think
you left one out. Proceed, with fingers crossed.

./content.tex:415: Undefined control sequence.
<recently read> \notready 
                          
l.415     \notready
                   
The control sequence at the end of the top line
of your error message was never \def'ed. If you have
misspelled it (e.g., `\hobx'), type `I' and the correct
spelling (e.g., `I\hbox'). Otherwise just continue,
and I'll forget about whatever was undefined.

./content.tex:437: Missing } inserted.
<inserted text> 
                }
l.437 \end{corollary}
                     
I've inserted something that you may have forgotten.
(See the <inserted text> above.)
With luck, this will get me unwedged. But if you
really didn't forget anything, try typing `2' now; then
my insertion and my current dilemma will both disappear.

./content.tex:441: Undefined control sequence.
l.441   \notready
                 
The control sequence at the end of the top line
of your error message was never \def'ed. If you have
misspelled it (e.g., `\hobx'), type `I' and the correct
spelling (e.g., `I\hbox'). Otherwise just continue,
and I'll forget about whatever was undefined.

./content.tex:452: Undefined control sequence.
l.452   \notready
                 
The control sequence at the end of the top line
of your error message was never \def'ed. If you have
misspelled it (e.g., `\hobx'), type `I' and the correct
spelling (e.g., `I\hbox'). Otherwise just continue,
and I'll forget about whatever was undefined.

./content.tex:453: Undefined control sequence.
l.453   \uses
             {cor:II_4_2, def:boundary_function}
The control sequence at the end of the top line
of your error message was never \def'ed. If you have
misspelled it (e.g., `\hobx'), type `I' and the correct
spelling (e.g., `I\hbox'). Otherwise just continue,
and I'll forget about whatever was undefined.

./content.tex:453: Missing $ inserted.
<inserted text> 
                $
l.453   \uses{cor:II_
                     4_2, def:boundary_function}
I've inserted a begin-math/end-math symbol since I think
you left one out. Proceed, with fingers crossed.

./content.tex:453: Double subscript.
l.453   \uses{cor:II_4_
                       2, def:boundary_function}
I treat `x_1_2' essentially like `x_1{}_2'.

./content.tex:453: Extra }, or forgotten $.
l.453   \uses{cor:II_4_2, def:boundary_function}
                                                
I've deleted a group-closing symbol because it seems to be
spurious, as in `$x}$'. But perhaps the } is legitimate and
you forgot something else, as in `\hbox{$x}'. In such cases
the way to recover is to insert both the forgotten and the
deleted material, e.g., by typing `I$}'.


./content.tex:457: LaTeX Error: Command \end{theorem} invalid in math mode.

See the LaTeX manual or LaTeX Companion for explanation.
Type  H <return>  for immediate help.
 ...                                              
                                                  
l.457 \end{theorem}
                   
Try typing  <return>  to proceed.
If that doesn't work, type  X <return>  to quit.

./content.tex:457: Missing $ inserted.
<inserted text> 
                $
l.457 \end{theorem}
                   
I've inserted a begin-math/end-math symbol since I think
you left one out. Proceed, with fingers crossed.


Overfull \hbox (767.22517pt too wide) in paragraph at lines 453--457
[][]\OT1/cmr/bx/n/10 Theorem 20 \OT1/cmr/m/n/10 (Outer unique-ness)\OT1/cmr/bx/n/10 . []\OT1/cmr/m/it/10 cor:II$[][]\OML/cmm/m/it/10 ; def \OT1/cmr/m/n/10 : \OML/cmm/m/it/10 boundary[]unctionIftwoouterfunctionshavethesameboundarymodulusalmosteverywhere; thentheirquotientisaunimodularconstant:Equivalently; theboundarymodulusdeterminestheouterfactoruptotheexpectedconstant:
 []


Underfull \hbox (badness 10000) in paragraph at lines 453--457

 []

./content.tex:457: Missing } inserted.
<inserted text> 
                }
l.457 \end{theorem}
                   
I've inserted something that you may have forgotten.
(See the <inserted text> above.)
With luck, this will get me unwedged. But if you
really didn't forget anything, try typing `2' now; then
my insertion and my current dilemma will both disappear.

[5]
./content.tex:461: Undefined control sequence.
l.461   \notready
                 
The control sequence at the end of the top line
of your error message was never \def'ed. If you have
misspelled it (e.g., `\hobx'), type `I' and the correct
spelling (e.g., `I\hbox'). Otherwise just continue,
and I'll forget about whatever was undefined.

./content.tex:462: Undefined control sequence.
l.462   \uses
             {thm:II_4_4, thm:outer_uniqueness}
The control sequence at the end of the top line
of your error message was never \def'ed. If you have
misspelled it (e.g., `\hobx'), type `I' and the correct
spelling (e.g., `I\hbox'). Otherwise just continue,
and I'll forget about whatever was undefined.

./content.tex:462: Missing $ inserted.
<inserted text> 
                $
l.462   \uses{thm:II_
                     4_4, thm:outer_uniqueness}
I've inserted a begin-math/end-math symbol since I think
you left one out. Proceed, with fingers crossed.

./content.tex:462: Double subscript.
l.462   \uses{thm:II_4_
                       4, thm:outer_uniqueness}
I treat `x_1_2' essentially like `x_1{}_2'.

./content.tex:462: Extra }, or forgotten $.
l.462   \uses{thm:II_4_4, thm:outer_uniqueness}
                                               
I've deleted a group-closing symbol because it seems to be
spurious, as in `$x}$'. But perhaps the } is legitimate and
you forgot something else, as in `\hbox{$x}'. In such cases
the way to recover is to insert both the forgotten and the
deleted material, e.g., by typing `I$}'.


./content.tex:466: LaTeX Error: Command \end{definition} invalid in math mode.

See the LaTeX manual or LaTeX Companion for explanation.
Type  H <return>  for immediate help.
 ...                                              
                                                  
l.466 \end{definition}
                      
Try typing  <return>  to proceed.
If that doesn't work, type  X <return>  to quit.

./content.tex:466: Missing $ inserted.
<inserted text> 
                $
l.466 \end{definition}
                      
I've inserted a begin-math/end-math symbol since I think
you left one out. Proceed, with fingers crossed.


Overfull \hbox (121.72221pt too wide) in paragraph at lines 462--466
[][]\OT1/cmr/bx/n/10 Definition 21 \OT1/cmr/m/n/10 (Outer fac-tor)\OT1/cmr/bx/n/10 . []\OT1/cmr/m/n/10 thm:II$[][]\OML/cmm/m/it/10 ; thm \OT1/cmr/m/n/10 : \OML/cmm/m/it/10 outer[]niquenessTheouterfactor$\OT1/cmr/m/n/10 F$\OML/cmm/m/it/10 intheNevanlinnafactorizationisthezero \OMS/cmsy/m/n/10 ^^@
 []


Overfull \hbox (125.44069pt too wide) in paragraph at lines 462--466
\OML/cmm/m/it/10 freeanalyticfactorbuiltfromtheabsolutelycontinuouspartoftheboundarymeasurerepresentingtheleastharmonicmajorant:
 []


Underfull \hbox (badness 10000) in paragraph at lines 462--466

 []

./content.tex:466: Missing } inserted.
<inserted text> 
                }
l.466 \end{definition}
                      
I've inserted something that you may have forgotten.
(See the <inserted text> above.)
With luck, this will get me unwedged. But if you
really didn't forget anything, try typing `2' now; then
my insertion and my current dilemma will both disappear.

./content.tex:472: Undefined control sequence.
l.472   \notready
                 
The control sequence at the end of the top line
of your error message was never \def'ed. If you have
misspelled it (e.g., `\hobx'), type `I' and the correct
spelling (e.g., `I\hbox'). Otherwise just continue,
and I'll forget about whatever was undefined.

./content.tex:473: Undefined control sequence.
l.473   \uses
             {thm:log_abs_subharmonic, thm:I_6_7,
The control sequence at the end of the top line
of your error message was never \def'ed. If you have
misspelled it (e.g., `\hobx'), type `I' and the correct
spelling (e.g., `I\hbox'). Otherwise just continue,
and I'll forget about whatever was undefined.

./content.tex:473: Missing $ inserted.
<inserted text> 
                $
l.473   \uses{thm:log_
                      abs_subharmonic, thm:I_6_7,
I've inserted a begin-math/end-math symbol since I think
you left one out. Proceed, with fingers crossed.

./content.tex:473: Double subscript.
l.473   \uses{thm:log_abs_subharmonic, thm:I_6_
                                               7,
I treat `x_1_2' essentially like `x_1{}_2'.

./content.tex:474: Extra }, or forgotten $.
l.474     thm:positive_harmonic_poisson_measure}
                                                
I've deleted a group-closing symbol because it seems to be
spurious, as in `$x}$'. But perhaps the } is legitimate and
you forgot something else, as in `\hbox{$x}'. In such cases
the way to recover is to insert both the forgotten and the
deleted material, e.g., by typing `I$}'.


./content.tex:476: LaTeX Error: \mathbb allowed only in math mode.

See the LaTeX manual or LaTeX Companion for explanation.
Type  H <return>  for immediate help.
 ...                                              
                                                  
l.476   For an analytic function $f$ on $\mathbb
                                                {D}$, the following are equi...
You're in trouble here.  Try typing  <return>  to proceed.
If that doesn't work, type  X <return>  to quit.

./content.tex:478: Missing $ inserted.
<inserted text> 
                $
l.478   $\log
              |f|$ admits a harmonic majorant on $\mathbb{D}$. When such a m...
I've inserted a begin-math/end-math symbol since I think
you left one out. Proceed, with fingers crossed.


Overfull \hbox (33.31781pt too wide) in paragraph at lines 473--480
[][]\OT1/cmr/bx/n/10 Theorem 22 \OT1/cmr/m/n/10 (Gar-nett II.5.1: har-mon-ic--ma-jo-rant char-ac-ter-i-za-tion of $\OML/cmm/m/it/10 N$\OT1/cmr/m/n/10 )\OT1/cmr/bx/n/10 . []\OT1/cmr/m/it/10 thm:log$[]\OML/cmm/m/it/10 bs[]ubharmonic; thm \OT1/cmr/m/n/10 :
 []


Overfull \hbox (562.75157pt too wide) in paragraph at lines 473--480
\OML/cmm/m/it/10 I[][]; thm \OT1/cmr/m/n/10 : \OML/cmm/m/it/10 positive[]armonic[]oisson[]easureSource \OT1/cmr/m/n/10 : \OML/cmm/m/it/10 Garnett; ChapterII; Section\OT1/cmr/m/n/10 5\OML/cmm/m/it/10 ; PDFpage\OT1/cmr/m/n/10 78\OML/cmm/m/it/10 :Forananalyticfunction$\OT1/cmr/m/it/10 f$\OML/cmm/m/it/10 on$\OT1/cmr/m/it/10 D$\OML/cmm/m/it/10 ; thefollowingareequivalent \OT1/cmr/m/n/10 :$\OT1/cmr/m/it/10 f$\OML/cmm/m/it/10 belongstotheNevanlinnaclass$\OT1/cmr/m/it/10 N$\OML/cmm/m/it/10 ; andthesubharmonicfunction$$[] \OMS/cmsy/m/n/10 j\OML/cmm/m/it/10 f\OMS/cmsy/m/n/10 j$
 []

./content.tex:480: Missing } inserted.
<inserted text> 
                }
l.480 \end{theorem}
                   
I've inserted something that you may have forgotten.
(See the <inserted text> above.)
With luck, this will get me unwedged. But if you
really didn't forget anything, try typing `2' now; then
my insertion and my current dilemma will both disappear.

./content.tex:484: Undefined control sequence.
l.484   \lean
             {logNormBot_comp_analytic_subharmonicOn_scalar,
The control sequence at the end of the top line
of your error message was never \def'ed. If you have
misspelled it (e.g., `\hobx'), type `I' and the correct
spelling (e.g., `I\hbox'). Otherwise just continue,
and I'll forget about whatever was undefined.

./content.tex:484: Missing $ inserted.
<inserted text> 
                $
l.484   \lean{logNormBot_
                         comp_analytic_subharmonicOn_scalar,
I've inserted a begin-math/end-math symbol since I think
you left one out. Proceed, with fingers crossed.

./content.tex:485: Extra }, or forgotten $.
l.485 ...rmBot_comp_analytic_subharmonicOn_banach}
                                                  
I've deleted a group-closing symbol because it seems to be
spurious, as in `$x}$'. But perhaps the } is legitimate and
you forgot something else, as in `\hbox{$x}'. In such cases
the way to recover is to insert both the forgotten and the
deleted material, e.g., by typing `I$}'.

./content.tex:486: Undefined control sequence.
l.486   \leanok
               
The control sequence at the end of the top line
of your error message was never \def'ed. If you have
misspelled it (e.g., `\hobx'), type `I' and the correct
spelling (e.g., `I\hbox'). Otherwise just continue,
and I'll forget about whatever was undefined.


./content.tex:487: LaTeX Error: \mathbb allowed only in math mode.

See the LaTeX manual or LaTeX Companion for explanation.
Type  H <return>  for immediate help.
 ...                                              
                                                  
l.487 ...is analytic on an open subset of $\mathbb
                                                  {C}$, then
You're in trouble here.  Try typing  <return>  to proceed.
If that doesn't work, type  X <return>  to quit.

./content.tex:488: Missing $ inserted.
<inserted text> 
                $
l.488   $z\mapsto
                  \log \lVert f(z)\rVert$, interpreted as $-\infty$ at zeros...
I've inserted a begin-math/end-math symbol since I think
you left one out. Proceed, with fingers crossed.


Overfull \hbox (437.34848pt too wide) in paragraph at lines 484--493
[][]\OT1/cmr/bx/n/10 Theorem 23 \OT1/cmr/m/n/10 (Log-a-rithm of mod-u-lus is sub-har-monic)\OT1/cmr/bx/n/10 . []\OT1/cmr/m/it/10 logNormBot$[]\OML/cmm/m/it/10 omp[]nalytic[]ubharmonicOn[]calar; logNormBot[]omp[]nalytic[]ubharmonicOn[]anachIf$\OT1/cmr/m/it/10 f$\OML/cmm/m/it/10 isanalyticonanopensubsetof$\OT1/cmr/m/it/10 C$\OML/cmm/m/it/10 ; then$\OT1/cmr/m/it/10 z$\OMS/cmsy/m/n/10 7!
 []

./content.tex:493: Undefined control sequence.
<recently read> \proves 
                        
l.493     \proves
                 {thm:log_abs_subharmonic}
The control sequence at the end of the top line
of your error message was never \def'ed. If you have
misspelled it (e.g., `\hobx'), type `I' and the correct
spelling (e.g., `I\hbox'). Otherwise just continue,
and I'll forget about whatever was undefined.

./content.tex:493: Missing $ inserted.
<inserted text> 
                $
l.493     \proves{thm:log_
                          abs_subharmonic}
I've inserted a begin-math/end-math symbol since I think
you left one out. Proceed, with fingers crossed.

./content.tex:493: Extra }, or forgotten $.
l.493     \proves{thm:log_abs_subharmonic}
                                          
I've deleted a group-closing symbol because it seems to be
spurious, as in `$x}$'. But perhaps the } is legitimate and
you forgot something else, as in `\hbox{$x}'. In such cases
the way to recover is to insert both the forgotten and the
deleted material, e.g., by typing `I$}'.

./content.tex:494: Undefined control sequence.
l.494     \leanok
                 
The control sequence at the end of the top line
of your error message was never \def'ed. If you have
misspelled it (e.g., `\hobx'), type `I' and the correct
spelling (e.g., `I\hbox'). Otherwise just continue,
and I'll forget about whatever was undefined.


./content.tex:496: LaTeX Error: Command \end{proof} invalid in math mode.

See the LaTeX manual or LaTeX Companion for explanation.
Type  H <return>  for immediate help.
 ...                                              
                                                  
l.496   \end{proof}
                   
Try typing  <return>  to proceed.
If that doesn't work, type  X <return>  to quit.

./content.tex:496: Missing $ inserted.
<inserted text> 
                $
l.496   \end{proof}
                   
I've inserted a begin-math/end-math symbol since I think
you left one out. Proceed, with fingers crossed.

./content.tex:496: Missing } inserted.
<inserted text> 
                }
l.496   \end{proof}
                   
I've inserted something that you may have forgotten.
(See the <inserted text> above.)
With luck, this will get me unwedged. But if you
really didn't forget anything, try typing `2' now; then
my insertion and my current dilemma will both disappear.

./content.tex:497: Missing } inserted.
<inserted text> 
                }
l.497 \end{theorem}
                   
I've inserted something that you may have forgotten.
(See the <inserted text> above.)
With luck, this will get me unwedged. But if you
really didn't forget anything, try typing `2' now; then
my insertion and my current dilemma will both disappear.

./content.tex:501: Undefined control sequence.
l.501   \lean
             {harmonicOnNhd_nonneg_iff_exists_eq_integral_poissonKernel,
The control sequence at the end of the top line
of your error message was never \def'ed. If you have
misspelled it (e.g., `\hobx'), type `I' and the correct
spelling (e.g., `I\hbox'). Otherwise just continue,
and I'll forget about whatever was undefined.

./content.tex:501: Missing $ inserted.
<inserted text> 
                $
l.501   \lean{harmonicOnNhd_
                            nonneg_iff_exists_eq_integral_poissonKernel,
I've inserted a begin-math/end-math symbol since I think
you left one out. Proceed, with fingers crossed.

./content.tex:502: Extra }, or forgotten $.
l.502 ...sonKernel, integral_poissonKernel_nonneg}
                                                  
I've deleted a group-closing symbol because it seems to be
spurious, as in `$x}$'. But perhaps the } is legitimate and
you forgot something else, as in `\hbox{$x}'. In such cases
the way to recover is to insert both the forgotten and the
deleted material, e.g., by typing `I$}'.

./content.tex:503: Undefined control sequence.
l.503   \leanok
               
The control sequence at the end of the top line
of your error message was never \def'ed. If you have
misspelled it (e.g., `\hobx'), type `I' and the correct
spelling (e.g., `I\hbox'). Otherwise just continue,
and I'll forget about whatever was undefined.


./content.tex:507: LaTeX Error: \mathbb allowed only in math mode.

See the LaTeX manual or LaTeX Companion for explanation.
Type  H <return>  for immediate help.
 ...                                              
                                                  
l.507 ... a positive harmonic function on $\mathbb
                                                  {D}$, then there is a
You're in trouble here.  Try typing  <return>  to proceed.
If that doesn't work, type  X <return>  to quit.

./content.tex:508: Missing $ inserted.
<inserted text> 
                $
l.508   finite positive measure $\mu
                                    $ on $\partial\mathbb{D}$ such that
I've inserted a begin-math/end-math symbol since I think
you left one out. Proceed, with fingers crossed.


Overfull \hbox (193.81662pt too wide) in paragraph at lines 501--511
[]\OT1/cmr/m/it/10 harmonicOnNhd$[]\OML/cmm/m/it/10 onneg[]ff[]xists[]q[]ntegral[]oissonKernel; harmonicOnNhd[]ntegral[]oissonKernel; integral[]oissonKernel[]onnegSource \OT1/cmr/m/n/10 :
 []


Overfull \hbox (68.3971pt too wide) in paragraph at lines 501--511
\OML/cmm/m/it/10 Garnett; ChapterI; Section\OT1/cmr/m/n/10 3\OML/cmm/m/it/10 ; Theorem\OT1/cmr/m/n/10 3\OML/cmm/m/it/10 :\OT1/cmr/m/n/10 5(\OML/cmm/m/it/10 c\OT1/cmr/m/n/10 )\OML/cmm/m/it/10 ; especiallythedisc \OMS/cmsy/m/n/10 ^^@ \OML/cmm/m/it/10 versionargumentinitsproof; printedpages\OT1/cmr/m/n/10 17 \OMS/cmsy/m/n/10 ^^@
 []


Overfull \hbox (94.00629pt too wide) in paragraph at lines 501--511
\OMS/cmsy/m/n/10 ^^@\OT1/cmr/m/n/10 19(\OML/cmm/m/it/10 PDFpagesapproximately\OT1/cmr/m/n/10 29 \OMS/cmsy/m/n/10 ^^@ ^^@\OT1/cmr/m/n/10 31)\OML/cmm/m/it/10 :If$\OT1/cmr/m/it/10 u$\OML/cmm/m/it/10 isapositiveharmonicfunctionon$\OT1/cmr/m/it/10 D$\OML/cmm/m/it/10 ; thenthereisafinitepositivemeasure$$^^V$
 []

./content.tex:519: Missing } inserted.
<inserted text> 
                }
l.519 \end{theorem}
                   
I've inserted something that you may have forgotten.
(See the <inserted text> above.)
With luck, this will get me unwedged. But if you
really didn't forget anything, try typing `2' now; then
my insertion and my current dilemma will both disappear.

./content.tex:523: Undefined control sequence.
l.523   \notready
                 
The control sequence at the end of the top line
of your error message was never \def'ed. If you have
misspelled it (e.g., `\hobx'), type `I' and the correct
spelling (e.g., `I\hbox'). Otherwise just continue,
and I'll forget about whatever was undefined.

./content.tex:524: Undefined control sequence.
l.524   \uses
             {thm:II_5_1, thm:II_2_1, thm:II_2_2, thm:II_2_4}
The control sequence at the end of the top line
of your error message was never \def'ed. If you have
misspelled it (e.g., `\hobx'), type `I' and the correct
spelling (e.g., `I\hbox'). Otherwise just continue,
and I'll forget about whatever was undefined.

./content.tex:524: Missing $ inserted.
<inserted text> 
                $
l.524   \uses{thm:II_
                     5_1, thm:II_2_1, thm:II_2_2, thm:II_2_4}
I've inserted a begin-math/end-math symbol since I think
you left one out. Proceed, with fingers crossed.

./content.tex:524: Double subscript.
l.524   \uses{thm:II_5_
                       1, thm:II_2_1, thm:II_2_2, thm:II_2_4}
I treat `x_1_2' essentially like `x_1{}_2'.

./content.tex:524: Double subscript.
l.524   \uses{thm:II_5_1, thm:II_2_
                                   1, thm:II_2_2, thm:II_2_4}
I treat `x_1_2' essentially like `x_1{}_2'.

./content.tex:524: Double subscript.
l.524   \uses{thm:II_5_1, thm:II_2_1, thm:II_2_
                                               2, thm:II_2_4}
I treat `x_1_2' essentially like `x_1{}_2'.

./content.tex:524: Double subscript.
l.524 ...II_5_1, thm:II_2_1, thm:II_2_2, thm:II_2_
                                                  4}
I treat `x_1_2' essentially like `x_1{}_2'.

./content.tex:524: Extra }, or forgotten $.
l.524 ..._5_1, thm:II_2_1, thm:II_2_2, thm:II_2_4}
                                                  
I've deleted a group-closing symbol because it seems to be
spurious, as in `$x}$'. But perhaps the } is legitimate and
you forgot something else, as in `\hbox{$x}'. In such cases
the way to recover is to insert both the forgotten and the
deleted material, e.g., by typing `I$}'.

./content.tex:526: Missing $ inserted.
<inserted text> 
                $
l.526   Let $f\in
                  N$ be nonzero and let $B$ be the Blaschke product formed f...
I've inserted a begin-math/end-math symbol since I think
you left one out. Proceed, with fingers crossed.


Overfull \hbox (8.36429pt too wide) in paragraph at lines 524--531
[][]\OT1/cmr/bx/n/10 Lemma 25 \OT1/cmr/m/n/10 (Gar-nett II.5.2: re-move the ze-ros of a Nevan-linna func-tion)\OT1/cmr/bx/n/10 . []\OT1/cmr/m/it/10 thm:II$[][]\OML/cmm/m/it/10 ; thm \OT1/cmr/m/n/10 : \OML/cmm/m/it/10 II[][]; thm \OT1/cmr/m/n/10 :
 []

./content.tex:531: Missing } inserted.
<inserted text> 
                }
l.531 \end{lemma}
                 
I've inserted something that you may have forgotten.
(See the <inserted text> above.)
With luck, this will get me unwedged. But if you
really didn't forget anything, try typing `2' now; then
my insertion and my current dilemma will both disappear.

./content.tex:535: Undefined control sequence.
l.535   \notready
                 
The control sequence at the end of the top line
of your error message was never \def'ed. If you have
misspelled it (e.g., `\hobx'), type `I' and the correct
spelling (e.g., `I\hbox'). Otherwise just continue,
and I'll forget about whatever was undefined.

./content.tex:536: Undefined control sequence.
l.536   \uses
             {thm:bounded_harmonic_poisson_Linfty, thm:I_5_3,
The control sequence at the end of the top line
of your error message was never \def'ed. If you have
misspelled it (e.g., `\hobx'), type `I' and the correct
spelling (e.g., `I\hbox'). Otherwise just continue,
and I'll forget about whatever was undefined.

./content.tex:536: Missing $ inserted.
<inserted text> 
                $
l.536   \uses{thm:bounded_
                          harmonic_poisson_Linfty, thm:I_5_3,
I've inserted a begin-math/end-math symbol since I think
you left one out. Proceed, with fingers crossed.

./content.tex:536: Double subscript.
l.536 ...bounded_harmonic_poisson_Linfty, thm:I_5_
                                                  3,
I treat `x_1_2' essentially like `x_1{}_2'.

./content.tex:537: Extra }, or forgotten $.
l.537     def:boundary_function}
                                
I've deleted a group-closing symbol because it seems to be
spurious, as in `$x}$'. But perhaps the } is legitimate and
you forgot something else, as in `\hbox{$x}'. In such cases
the way to recover is to insert both the forgotten and the
deleted material, e.g., by typing `I$}'.

./content.tex:540: Missing $ inserted.
<inserted text> 
                $
l.540 ...) that reads ``suppose $f(z)$ is some $H^
                                                  p$ function; if $p>1$,
I've inserted a begin-math/end-math symbol since I think
you left one out. Proceed, with fingers crossed.


Overfull \hbox (509.4893pt too wide) in paragraph at lines 536--548
\OML/cmm/m/it/10 I[][]; def \OT1/cmr/m/n/10 : \OML/cmm/m/it/10 boundary[]unctionSource \OT1/cmr/m/n/10 : \OML/cmm/m/it/10 thisisnotoneofGarnett[]snumberedstatements:ItisthesteptakenfromtheproofofGarnett[]sCorollaryII:\OT1/cmr/m/n/10 3\OML/cmm/m/it/10 :\OT1/cmr/m/n/10 2(\OML/cmm/m/it/10 ChapterII; Section\OT1/cmr/m/n/10 3\OML/cmm/m/it/10 ; PDFpage\OT1/cmr/m/n/10 68)\OML/cmm/m/it/10 thatreads\OT1/cmr/m/n/10 \\OML/cmm/m/it/10 suppose$\OT1/cmr/m/it/10 f(z)$\OML/cmm/m/it/10 issome$\OT1/cmr/m/it/10 H$[]$
 []

./content.tex:548: Undefined control sequence.
<recently read> \notready 
                          
l.548     \notready
                   
The control sequence at the end of the top line
of your error message was never \def'ed. If you have
misspelled it (e.g., `\hobx'), type `I' and the correct
spelling (e.g., `I\hbox'). Otherwise just continue,
and I'll forget about whatever was undefined.

[6]
./content.tex:562: Missing } inserted.
<inserted text> 
                }
l.562 \end{corollary}
                     
I've inserted something that you may have forgotten.
(See the <inserted text> above.)
With luck, this will get me unwedged. But if you
really didn't forget anything, try typing `2' now; then
my insertion and my current dilemma will both disappear.

./content.tex:566: Undefined control sequence.
l.566   \notready
                 
The control sequence at the end of the top line
of your error message was never \def'ed. If you have
misspelled it (e.g., `\hobx'), type `I' and the correct
spelling (e.g., `I\hbox'). Otherwise just continue,
and I'll forget about whatever was undefined.

./content.tex:567: Undefined control sequence.
l.567   \uses
             {thm:II_5_1, lem:II_5_2, thm:II_2_2, thm:I_5_3, cor:II_3_2,
The control sequence at the end of the top line
of your error message was never \def'ed. If you have
misspelled it (e.g., `\hobx'), type `I' and the correct
spelling (e.g., `I\hbox'). Otherwise just continue,
and I'll forget about whatever was undefined.

./content.tex:567: Missing $ inserted.
<inserted text> 
                $
l.567   \uses{thm:II_
                     5_1, lem:II_5_2, thm:II_2_2, thm:I_5_3, cor:II_3_2,
I've inserted a begin-math/end-math symbol since I think
you left one out. Proceed, with fingers crossed.

./content.tex:567: Double subscript.
l.567   \uses{thm:II_5_
                       1, lem:II_5_2, thm:II_2_2, thm:I_5_3, cor:II_3_2,
I treat `x_1_2' essentially like `x_1{}_2'.

./content.tex:567: Double subscript.
l.567   \uses{thm:II_5_1, lem:II_5_
                                   2, thm:II_2_2, thm:I_5_3, cor:II_3_2,
I treat `x_1_2' essentially like `x_1{}_2'.

./content.tex:567: Double subscript.
l.567   \uses{thm:II_5_1, lem:II_5_2, thm:II_2_
                                               2, thm:I_5_3, cor:II_3_2,
I treat `x_1_2' essentially like `x_1{}_2'.

./content.tex:567: Double subscript.
l.567 ...:II_5_1, lem:II_5_2, thm:II_2_2, thm:I_5_
                                                  3, cor:II_3_2,
I treat `x_1_2' essentially like `x_1{}_2'.

./content.tex:567: Double subscript.
l.567 ...:II_5_2, thm:II_2_2, thm:I_5_3, cor:II_3_
                                                  2,
I treat `x_1_2' essentially like `x_1{}_2'.

./content.tex:569: Extra }, or forgotten $.
l.569     def:nt_limit, def:boundary_function}
                                              
I've deleted a group-closing symbol because it seems to be
spurious, as in `$x}$'. But perhaps the } is legitimate and
you forgot something else, as in `\hbox{$x}'. In such cases
the way to recover is to insert both the forgotten and the
deleted material, e.g., by typing `I$}'.

./content.tex:571: Missing $ inserted.
<inserted text> 
                $
l.571   Let $f\in
                  N$, $f\not\equiv0$. Then:
I've inserted a begin-math/end-math symbol since I think
you left one out. Proceed, with fingers crossed.


Overfull \hbox (57.06671pt too wide) in paragraph at lines 567--572
\OML/cmm/m/it/10 II[][]; thm \OT1/cmr/m/n/10 : \OML/cmm/m/it/10 II[][]; thm \OT1/cmr/m/n/10 : \OML/cmm/m/it/10 I[][]; cor \OT1/cmr/m/n/10 : \OML/cmm/m/it/10 II[][]; thm \OT1/cmr/m/n/10 : \OML/cmm/m/it/10 signed[]ebesgue[]ecomposition; thm \OT1/cmr/m/n/10 : \OML/cmm/m/it/10 poisson[]easure[]nique; def \OT1/cmr/m/n/10 :
 []

./content.tex:590: Undefined control sequence.
<recently read> \notready 
                          
l.590     \notready
                   
The control sequence at the end of the top line
of your error message was never \def'ed. If you have
misspelled it (e.g., `\hobx'), type `I' and the correct
spelling (e.g., `I\hbox'). Otherwise just continue,
and I'll forget about whatever was undefined.


Overfull \hbox (117.36382pt too wide) in paragraph at lines 603--609
\OT1/cmr/m/n/10 sim-ply con-nected and which math-lib pro-vides as \OT1/cmtt/m/n/10 InnerProductSpace.HarmonicOnNhd.exists[]analyticOnNhd[]ball[]re[]eq\OT1/cmr/m/n/10 ;
 []

./content.tex:626: Missing } inserted.
<inserted text> 
                }
l.626 \end{theorem}
                   
I've inserted something that you may have forgotten.
(See the <inserted text> above.)
With luck, this will get me unwedged. But if you
really didn't forget anything, try typing `2' now; then
my insertion and my current dilemma will both disappear.

./content.tex:632: Undefined control sequence.
l.632   \notready
                 
The control sequence at the end of the top line
of your error message was never \def'ed. If you have
misspelled it (e.g., `\hobx'), type `I' and the correct
spelling (e.g., `I\hbox'). Otherwise just continue,
and I'll forget about whatever was undefined.

./content.tex:640: Undefined control sequence.
l.640   \notready
                 
The control sequence at the end of the top line
of your error message was never \def'ed. If you have
misspelled it (e.g., `\hobx'), type `I' and the correct
spelling (e.g., `I\hbox'). Otherwise just continue,
and I'll forget about whatever was undefined.

[7]
./content.tex:653: Undefined control sequence.
l.653   \notready
                 
The control sequence at the end of the top line
of your error message was never \def'ed. If you have
misspelled it (e.g., `\hobx'), type `I' and the correct
spelling (e.g., `I\hbox'). Otherwise just continue,
and I'll forget about whatever was undefined.

./content.tex:654: Undefined control sequence.
l.654   \uses
             {thm:jordan_decomposition_singular_measure,
The control sequence at the end of the top line
of your error message was never \def'ed. If you have
misspelled it (e.g., `\hobx'), type `I' and the correct
spelling (e.g., `I\hbox'). Otherwise just continue,
and I'll forget about whatever was undefined.

./content.tex:654: Missing $ inserted.
<inserted text> 
                $
l.654   \uses{thm:jordan_
                         decomposition_singular_measure,
I've inserted a begin-math/end-math symbol since I think
you left one out. Proceed, with fingers crossed.

./content.tex:655: Double subscript.
l.655     def:singular_function_formula, lem:I_5_
                                                 4}
I treat `x_1_2' essentially like `x_1{}_2'.

./content.tex:655: Extra }, or forgotten $.
l.655 ...def:singular_function_formula, lem:I_5_4}
                                                  
I've deleted a group-closing symbol because it seems to be
spurious, as in `$x}$'. But perhaps the } is legitimate and
you forgot something else, as in `\hbox{$x}'. In such cases
the way to recover is to insert both the forgotten and the
deleted material, e.g., by typing `I$}'.

./content.tex:657: Missing $ inserted.
<inserted text> 
                $
l.657   $\nu
            _s=\nu_s^+-\nu_s^-$, then the canonical factorization uses the two
I've inserted a begin-math/end-math symbol since I think
you left one out. Proceed, with fingers crossed.


Overfull \hbox (87.71774pt too wide) in paragraph at lines 654--659
[][]\OT1/cmr/bx/n/10 Definition 30 \OT1/cmr/m/n/10 (Sin-gu-lar fac-tors)\OT1/cmr/bx/n/10 . []\OT1/cmr/m/n/10 thm:jordan$[]\OML/cmm/m/it/10 ecomposition[]ingular[]easure; def \OT1/cmr/m/n/10 : \OML/cmm/m/it/10 singular[]unction[]ormula; lem \OT1/cmr/m/n/10 :
 []

./content.tex:659: Missing } inserted.
<inserted text> 
                }
l.659 \end{definition}
                      
I've inserted something that you may have forgotten.
(See the <inserted text> above.)
With luck, this will get me unwedged. But if you
really didn't forget anything, try typing `2' now; then
my insertion and my current dilemma will both disappear.

./content.tex:665: Undefined control sequence.
l.665   \notready
                 
The control sequence at the end of the top line
of your error message was never \def'ed. If you have
misspelled it (e.g., `\hobx'), type `I' and the correct
spelling (e.g., `I\hbox'). Otherwise just continue,
and I'll forget about whatever was undefined.

./content.tex:673: Undefined control sequence.
l.673   \notready
                 
The control sequence at the end of the top line
of your error message was never \def'ed. If you have
misspelled it (e.g., `\hobx'), type `I' and the correct
spelling (e.g., `I\hbox'). Otherwise just continue,
and I'll forget about whatever was undefined.

./content.tex:674: Undefined control sequence.
l.674   \uses
             {thm:outer_uniqueness}
The control sequence at the end of the top line
of your error message was never \def'ed. If you have
misspelled it (e.g., `\hobx'), type `I' and the correct
spelling (e.g., `I\hbox'). Otherwise just continue,
and I'll forget about whatever was undefined.

./content.tex:674: Missing $ inserted.
<inserted text> 
                $
l.674   \uses{thm:outer_
                        uniqueness}
I've inserted a begin-math/end-math symbol since I think
you left one out. Proceed, with fingers crossed.

./content.tex:674: Extra }, or forgotten $.
l.674   \uses{thm:outer_uniqueness}
                                   
I've deleted a group-closing symbol because it seems to be
spurious, as in `$x}$'. But perhaps the } is legitimate and
you forgot something else, as in `\hbox{$x}'. In such cases
the way to recover is to insert both the forgotten and the
deleted material, e.g., by typing `I$}'.


./content.tex:677: LaTeX Error: Command \end{theorem} invalid in math mode.

See the LaTeX manual or LaTeX Companion for explanation.
Type  H <return>  for immediate help.
 ...                                              
                                                  
l.677 \end{theorem}
                   
Try typing  <return>  to proceed.
If that doesn't work, type  X <return>  to quit.

./content.tex:677: Missing $ inserted.
<inserted text> 
                $
l.677 \end{theorem}
                   
I've inserted a begin-math/end-math symbol since I think
you left one out. Proceed, with fingers crossed.


Overfull \hbox (467.33345pt too wide) in paragraph at lines 674--677
[][]\OT1/cmr/bx/n/10 Theorem 32 \OT1/cmr/m/n/10 (Bound-ary mod-u-lus de-ter-mines the outer fac-tor)\OT1/cmr/bx/n/10 . []\OT1/cmr/m/it/10 thm:outer$[]\OML/cmm/m/it/10 niquenessIftwoouterfunctionshavethesamea:e:boundarymodulus; thentheydifferbymultiplicationbyaconstantofmodulusone:
 []


Underfull \hbox (badness 10000) in paragraph at lines 674--677

 []

./content.tex:677: Missing } inserted.
<inserted text> 
                }
l.677 \end{theorem}
                   
I've inserted something that you may have forgotten.
(See the <inserted text> above.)
With luck, this will get me unwedged. But if you
really didn't forget anything, try typing `2' now; then
my insertion and my current dilemma will both disappear.

./content.tex:681: Undefined control sequence.
l.681   \notready
                 
The control sequence at the end of the top line
of your error message was never \def'ed. If you have
misspelled it (e.g., `\hobx'), type `I' and the correct
spelling (e.g., `I\hbox'). Otherwise just continue,
and I'll forget about whatever was undefined.

./content.tex:682: Undefined control sequence.
l.682   \uses
             {def:singular_factors}
The control sequence at the end of the top line
of your error message was never \def'ed. If you have
misspelled it (e.g., `\hobx'), type `I' and the correct
spelling (e.g., `I\hbox'). Otherwise just continue,
and I'll forget about whatever was undefined.

./content.tex:682: Missing $ inserted.
<inserted text> 
                $
l.682   \uses{def:singular_
                           factors}
I've inserted a begin-math/end-math symbol since I think
you left one out. Proceed, with fingers crossed.

./content.tex:682: Extra }, or forgotten $.
l.682   \uses{def:singular_factors}
                                   
I've deleted a group-closing symbol because it seems to be
spurious, as in `$x}$'. But perhaps the } is legitimate and
you forgot something else, as in `\hbox{$x}'. In such cases
the way to recover is to insert both the forgotten and the
deleted material, e.g., by typing `I$}'.

./content.tex:684: Missing $ inserted.
<inserted text> 
                $
l.684   determine $S_
                     1$ and $S_2$. Conversely, equality of the corresponding
I've inserted a begin-math/end-math symbol since I think
you left one out. Proceed, with fingers crossed.


Overfull \hbox (278.79227pt too wide) in paragraph at lines 682--687
[][]\OT1/cmr/bx/n/10 Theorem 33 \OT1/cmr/m/n/10 (Sin-gu-lar mea-sure de-ter-mines sin-gu-lar fac-tors)\OT1/cmr/bx/n/10 . []\OT1/cmr/m/it/10 def:singular$[]\OML/cmm/m/it/10 actorsThepositiveandnegativesingularpartsoftherepresentingmeasuredetermine$\OT1/cmr/m/it/10 S$[]$
 []

./content.tex:687: Missing } inserted.
<inserted text> 
                }
l.687 \end{theorem}
                   
I've inserted something that you may have forgotten.
(See the <inserted text> above.)
With luck, this will get me unwedged. But if you
really didn't forget anything, try typing `2' now; then
my insertion and my current dilemma will both disappear.

./content.tex:691: Undefined control sequence.
l.691   \notready
                 
The control sequence at the end of the top line
of your error message was never \def'ed. If you have
misspelled it (e.g., `\hobx'), type `I' and the correct
spelling (e.g., `I\hbox'). Otherwise just continue,
and I'll forget about whatever was undefined.

./content.tex:692: Undefined control sequence.
l.692   \uses
             {thm:zeros_determine_blaschke,
The control sequence at the end of the top line
of your error message was never \def'ed. If you have
misspelled it (e.g., `\hobx'), type `I' and the correct
spelling (e.g., `I\hbox'). Otherwise just continue,
and I'll forget about whatever was undefined.

./content.tex:692: Missing $ inserted.
<inserted text> 
                $
l.692   \uses{thm:zeros_
                        determine_blaschke,
I've inserted a begin-math/end-math symbol since I think
you left one out. Proceed, with fingers crossed.

./content.tex:694: Extra }, or forgotten $.
l.694     thm:singular_measure_determines_factors}
                                                  
I've deleted a group-closing symbol because it seems to be
spurious, as in `$x}$'. But perhaps the } is legitimate and
you forgot something else, as in `\hbox{$x}'. In such cases
the way to recover is to insert both the forgotten and the
deleted material, e.g., by typing `I$}'.


./content.tex:699: LaTeX Error: Command \end{theorem} invalid in math mode.

See the LaTeX manual or LaTeX Companion for explanation.
Type  H <return>  for immediate help.
 ...                                              
                                                  
l.699 \end{theorem}
                   
Try typing  <return>  to proceed.
If that doesn't work, type  X <return>  to quit.

./content.tex:699: Missing $ inserted.
<inserted text> 
                $
l.699 \end{theorem}
                   
I've inserted a begin-math/end-math symbol since I think
you left one out. Proceed, with fingers crossed.


Overfull \hbox (1082.11845pt too wide) in paragraph at lines 692--699
\OML/cmm/m/it/10 boundary[]odulus[]etermines[]uter; thm \OT1/cmr/m/n/10 : \OML/cmm/m/it/10 singular[]easure[]etermines[]actorsInthecanonicalfactorization; theBlaschkefactorisdeterminedbythezeromultiset; theouterfactorbythea:e:boundarymodulus; andthesingularfactorsbythesingularpartoftherepresentingmeasure:Theonlyremainingambiguityistheconventionalunimodularconstant:
 []


Underfull \hbox (badness 10000) in paragraph at lines 692--699

 []

./content.tex:699: Missing } inserted.
<inserted text> 
                }
l.699 \end{theorem}
                   
I've inserted something that you may have forgotten.
(See the <inserted text> above.)
With luck, this will get me unwedged. But if you
really didn't forget anything, try typing `2' now; then
my insertion and my current dilemma will both disappear.

./content.tex:703: Undefined control sequence.
l.703   \notready
                 
The control sequence at the end of the top line
of your error message was never \def'ed. If you have
misspelled it (e.g., `\hobx'), type `I' and the correct
spelling (e.g., `I\hbox'). Otherwise just continue,
and I'll forget about whatever was undefined.

./content.tex:704: Undefined control sequence.
l.704   \uses
             {thm:II_5_1, lem:II_5_2, thm:II_5_3, def:outer_factor,
The control sequence at the end of the top line
of your error message was never \def'ed. If you have
misspelled it (e.g., `\hobx'), type `I' and the correct
spelling (e.g., `I\hbox'). Otherwise just continue,
and I'll forget about whatever was undefined.

./content.tex:704: Missing $ inserted.
<inserted text> 
                $
l.704   \uses{thm:II_
                     5_1, lem:II_5_2, thm:II_5_3, def:outer_factor,
I've inserted a begin-math/end-math symbol since I think
you left one out. Proceed, with fingers crossed.

./content.tex:704: Double subscript.
l.704   \uses{thm:II_5_
                       1, lem:II_5_2, thm:II_5_3, def:outer_factor,
I treat `x_1_2' essentially like `x_1{}_2'.

./content.tex:704: Double subscript.
l.704   \uses{thm:II_5_1, lem:II_5_
                                   2, thm:II_5_3, def:outer_factor,
I treat `x_1_2' essentially like `x_1{}_2'.

./content.tex:704: Double subscript.
l.704   \uses{thm:II_5_1, lem:II_5_2, thm:II_5_
                                               3, def:outer_factor,
I treat `x_1_2' essentially like `x_1{}_2'.

./content.tex:705: Extra }, or forgotten $.
l.705 ... thm:nevanlinna_factorization_uniqueness}
                                                  
I've deleted a group-closing symbol because it seems to be
spurious, as in `$x}$'. But perhaps the } is legitimate and
you forgot something else, as in `\hbox{$x}'. In such cases
the way to recover is to insert both the forgotten and the
deleted material, e.g., by typing `I$}'.

./content.tex:707: Missing $ inserted.
<inserted text> 
                $
l.707   If $f\in
                 N$ and $f$ is not identically zero, then there exist a unim...
I've inserted a begin-math/end-math symbol since I think
you left one out. Proceed, with fingers crossed.


Overfull \hbox (3.86296pt too wide) in paragraph at lines 704--710
[][]\OT1/cmr/bx/n/10 Theorem 35 \OT1/cmr/m/n/10 (Gar-nett II.5.5: canon-i-cal fac-tor-iza-tion in $\OML/cmm/m/it/10 N$\OT1/cmr/m/n/10 )\OT1/cmr/bx/n/10 . []\OT1/cmr/m/it/10 thm:II$[][]\OML/cmm/m/it/10 ; lem \OT1/cmr/m/n/10 : \OML/cmm/m/it/10 II[][]; thm \OT1/cmr/m/n/10 : \OML/cmm/m/it/10 II[][]; def \OT1/cmr/m/n/10 :
 []


Overfull \hbox (176.0281pt too wide) in paragraph at lines 704--710
\OML/cmm/m/it/10 outer[]actor; def \OT1/cmr/m/n/10 : \OML/cmm/m/it/10 singular[]actors; thm \OT1/cmr/m/n/10 : \OML/cmm/m/it/10 nevanlinna[]actorization[]niquenessSource \OT1/cmr/m/n/10 : \OML/cmm/m/it/10 Garnett; ChapterII; Section\OT1/cmr/m/n/10 5\OML/cmm/m/it/10 ; PDFpage\OT1/cmr/m/n/10 83\OML/cmm/m/it/10 :If$\OT1/cmr/m/it/10 f$\OMS/cmsy/m/n/10 2
 []

./content.tex:715: Missing } inserted.
<inserted text> 
                }
l.715 \end{theorem}
                   
I've inserted something that you may have forgotten.
(See the <inserted text> above.)
With luck, this will get me unwedged. But if you
really didn't forget anything, try typing `2' now; then
my insertion and my current dilemma will both disappear.

./content.tex:718: Undefined control sequence.
<recently read> \notready 
                          
l.718   \notready
                 
The control sequence at the end of the top line
of your error message was never \def'ed. If you have
misspelled it (e.g., `\hobx'), type `I' and the correct
spelling (e.g., `I\hbox'). Otherwise just continue,
and I'll forget about whatever was undefined.

) [8] (./print.aux)
 ***********
LaTeX2e <2025-11-01>
L3 programming layer <2026-01-19>
 ***********
Package rerunfilecheck Info: File `print.out' has not changed.
(rerunfilecheck)             Checksum: C122049F9FA76A4015C38592A0E9DCB1;2025.
 ) 
Here is how much of TeX's memory you used:
 11139 strings out of 469006
 172206 string characters out of 5454813
 596214 words of memory out of 5000000
 39632 multiletter control sequences out of 15000+600000
 637570 words of font info for 78 fonts, out of 8000000 for 9000
 319 hyphenation exceptions out of 8191
 75i,6n,79p,612b,690s stack positions out of 10000i,1000n,20000p,200000b,200000s
</usr/local/texlive/2026basic/texmf-dist/fonts/type1/public/amsfonts/cm/cmbx10.pfb></usr/local/texlive/2026basic/texmf-dist/fonts/type1/public/amsfonts/cm/cmbx12.pfb></usr/local/texlive/2026basic/texmf-dist/fonts/type1/public/amsfonts/cm/cmex10.pfb></usr/local/texlive/2026basic/texmf-dist/fonts/type1/public/amsfonts/cm/cmitt10.pfb></usr/local/texlive/2026basic/texmf-dist/fonts/type1/public/amsfonts/cm/cmmi10.pfb></usr/local/texlive/2026basic/texmf-dist/fonts/type1/public/amsfonts/cm/cmmi5.pfb></usr/local/texlive/2026basic/texmf-dist/fonts/type1/public/amsfonts/cm/cmmi7.pfb></usr/local/texlive/2026basic/texmf-dist/fonts/type1/public/amsfonts/cm/cmr10.pfb></usr/local/texlive/2026basic/texmf-dist/fonts/type1/public/amsfonts/cm/cmr12.pfb></usr/local/texlive/2026basic/texmf-dist/fonts/type1/public/amsfonts/cm/cmr17.pfb></usr/local/texlive/2026basic/texmf-dist/fonts/type1/public/amsfonts/cm/cmr5.pfb></usr/local/texlive/2026basic/texmf-dist/fonts/type1/public/amsfonts/cm/cmr7.pfb></usr/local/texlive/2026basic/texmf-dist/fonts/type1/public/amsfonts/cm/cmsy10.pfb></usr/local/texlive/2026basic/texmf-dist/fonts/type1/public/amsfonts/cm/cmsy5.pfb></usr/local/texlive/2026basic/texmf-dist/fonts/type1/public/amsfonts/cm/cmsy7.pfb></usr/local/texlive/2026basic/texmf-dist/fonts/type1/public/amsfonts/cm/cmti10.pfb></usr/local/texlive/2026basic/texmf-dist/fonts/type1/public/amsfonts/cm/cmtt10.pfb></usr/local/texlive/2026basic/texmf-dist/fonts/type1/public/amsfonts/symbols/msbm10.pfb></usr/local/texlive/2026basic/texmf-dist/fonts/type1/public/amsfonts/symbols/msbm7.pfb>
Output written on print.pdf (9 pages, 274632 bytes).
PDF statistics:
 266 PDF objects out of 1000 (max. 8388607)
 214 compressed objects within 3 object streams
 59 named destinations out of 1000 (max. 500000)
 65 words of extra memory for PDF output out of 10000 (max. 10000000)

